AppTimestamp(s),SensorTimestamp(s),acc_x,acc_y,acc_z
0.082,5519.816,-0.12795,-0.96405,9.936
0.089,5519.832,-0.108,-0.96405,10.01295
0.091,5519.848,-0.08895,-0.96405,9.99405
0.092,5519.863,-0.051,-1.002,9.91695
0.092,5519.879,-0.03195,-0.98295,9.89805
0.094,5519.894,-0.108,-0.96405,9.85995
0.094,5519.911,-0.08895,-0.98295,9.80205
0.11,5519.926,0.04395,-1.03995,9.822
0.126,5519.942,-0.01305,-1.002,9.85995
0.142,5519.958,-0.16605,-0.92505,9.879
0.157,5519.973,-0.204,-0.92505,9.936
0.174,5519.989,-0.16605,-1.02105,9.975
0.19,5520.004,-0.01305,-1.03995,9.95595
0.22,5520.021,-0.051,-0.98295,9.84105
0.223,5520.037,-0.07005,-0.906,9.80205
0.237,5520.053,-0.08895,-0.906,9.879
0.253,5520.068,-0.07005,-0.906,9.84105
0.268,5520.084,-0.03195,-0.94395,9.84105
0.284,5520.1,0.006,-0.96405,9.74505
0.299,5520.115,0.02505,-1.002,9.80205
0.316,5520.131,-0.051,-1.02105,9.95595
0.332,5520.147,-0.12795,-0.98295,10.09005
0.353,5520.163,-0.12795,-0.96405,10.06995
0.363,5520.179,-0.108,-0.94395,9.936
0.379,5520.194,-0.07005,-0.98295,9.822
0.394,5520.21,-0.051,-1.02105,9.822
0.409,5520.225,-0.051,-1.02105,9.822
0.427,5520.242,-0.08895,-0.98295,9.74505
0.442,5520.257,-0.147,-0.92505,9.70695
0.458,5520.273,-0.147,-0.88695,9.80205
0.474,5520.289,-0.108,-0.88695,9.95595
0.49,5520.304,-0.051,-0.98295,10.01295
0.505,5520.32,-0.051,-1.002,9.99405
0.52,5520.336,-0.051,-1.002,9.99405
0.537,5520.352,-0.07005,-1.02105,9.975
0.552,5520.368,-0.108,-0.96405,9.936
0.568,5520.383,-0.12795,-0.96405,9.879
0.584,5520.399,-0.147,-0.906,10.01295
0.599,5520.415,-0.18495,-0.906,10.032
0.615,5520.431,-0.147,-0.92505,9.89805
0.63,5520.446,-0.08895,-0.92505,9.84105
0.647,5520.462,-0.03195,-0.96405,9.89805
0.662,5520.478,-0.051,-0.94395,9.85995
0.677,5520.493,-0.01305,-0.92505,9.74505
0.694,5520.509,-0.01305,-0.92505,9.726
0.713,5520.524,-0.01305,-0.906,9.822
0.726,5520.541,-0.01305,-0.92505,9.91695
0.741,5520.557,-0.051,-0.94395,9.879
0.757,5520.572,-0.051,-0.906,9.879
0.775,5520.588,-0.051,-0.92505,9.91695
0.791,5520.604,-0.108,-0.82905,9.91695
0.804,5520.62,-0.108,-0.86805,9.91695
0.819,5520.635,-0.08895,-0.849,9.66795
0.835,5520.651,0.006,-0.96405,9.783
0.851,5520.667,-0.03195,-0.98295,10.06995
0.867,5520.683,-0.18495,-0.86805,9.99405
0.883,5520.699,-0.08895,-0.98295,9.84105
0.899,5520.714,-0.12795,-0.96405,9.80205
0.914,5520.73,-0.108,-0.88695,9.84105
0.929,5520.745,-0.16605,-0.906,9.85995
0.947,5520.762,-0.108,-0.86805,9.89805
0.962,5520.777,-0.16605,-0.86805,9.85995
0.978,5520.793,-0.07005,-0.849,9.975
0.999,5520.809,-0.08895,-0.81,9.879
1.009,5520.824,0.02505,-0.92505,9.70695
1.027,5520.84,0.063,-0.96405,9.76395
1.04,5520.856,0.02505,-0.92505,9.84105
1.056,5520.872,-0.147,-0.849,9.84105
1.072,5520.888,-0.26205,-0.82905,9.89805
1.088,5520.903,-0.204,-0.88695,9.99405
1.105,5520.919,-0.16605,-0.92505,9.936
1.119,5520.934,-0.18495,-0.94395,9.975
1.135,5520.951,-0.22305,-0.88695,9.95595
1.151,5520.966,-0.24195,-0.88695,9.879
1.167,5520.982,-0.204,-0.92505,9.89805
1.182,5520.998,-0.18495,-0.92505,9.95595
1.198,5521.013,-0.16605,-0.88695,10.01295
1.218,5521.029,-0.22305,-0.849,9.95595
1.229,5521.044,-0.204,-0.77205,9.84105
1.245,5521.061,-0.24195,-0.81,9.783
1.261,5521.077,-0.204,-0.849,9.822
1.277,5521.092,-0.12795,-0.88695,9.80205
1.294,5521.108,-0.108,-0.906,9.85995
1.309,5521.124,-0.108,-0.906,9.91695
1.324,5521.14,-0.147,-0.82905,9.936
1.339,5521.155,-0.204,-0.753,9.822
1.356,5521.171,-0.204,-0.753,9.89805
1.371,5521.187,-0.26205,-0.79095,10.05105
1.387,5521.203,-0.204,-0.81,10.06995
1.403,5521.218,-0.16605,-0.86805,9.95595
1.42,5521.234,-0.12795,-0.94395,9.84105
1.434,5521.25,-0.16605,-0.906,9.74505
1.45,5521.265,-0.22305,-0.81,9.879
1.466,5521.281,-0.28095,-0.81,9.91695
1.482,5521.297,-0.18495,-0.88695,9.936
1.498,5521.313,-0.12795,-0.92505,9.95595
1.513,5521.329,-0.07005,-0.906,9.85995
1.53,5521.344,-0.07005,-0.906,9.687
1.546,5521.36,0.006,-0.849,9.59205
1.56,5521.376,-0.07005,-0.77205,9.64905
1.576,5521.392,-0.03195,-0.79095,9.76395
1.592,5521.408,-0.03195,-0.86805,9.85995
1.608,5521.423,-0.07005,-0.96405,9.99405
1.624,5521.439,-0.051,-1.11705,9.975
1.639,5521.454,-0.16605,-1.11705,9.89805
1.656,5521.471,-0.3,-1.098,9.89805
1.671,5521.486,-0.357,-1.059,9.91695
1.687,5521.502,-0.357,-1.03995,9.975
1.702,5521.518,-0.24195,-1.059,9.936
1.718,5521.533,-0.108,-1.059,9.975
1.734,5521.549,-0.07005,-1.02105,10.01295
1.75,5521.564,0.063,-1.02105,9.99405
1.765,5521.581,0.13995,-1.02105,9.99405
1.781,5521.597,0.10095,-1.059,10.01295
1.797,5521.612,0.006,-1.02105,9.879
1.812,5521.628,-0.07005,-0.98295,9.783
1.829,5521.644,-0.07005,-0.906,9.726
1.844,5521.66,-0.01305,-0.96405,9.70695
1.859,5521.675,0.10095,-1.002,9.726
1.876,5521.691,0.08205,-0.98295,9.76395
1.891,5521.707,0.063,-0.96405,9.783
1.907,5521.723,0.063,-0.98295,9.76395
1.923,5521.738,0.02505,-0.98295,9.822
1.94,5521.754,0.006,-0.96405,9.91695
1.96,5521.77,0.063,-0.98295,9.936
1.97,5521.785,0.12,-0.98295,9.879
1.986,5521.801,0.159,-0.96405,9.879
2.001,5521.817,0.12,-0.906,9.936
2.018,5521.833,0.12,-0.88695,9.99405
2.035,5521.849,0.13995,-0.906,9.99405
2.054,5521.864,0.159,-0.92505,9.89805
2.067,5521.88,0.10095,-0.92505,9.91695
2.08,5521.896,0.13995,-0.94395,10.01295
2.096,5521.912,0.08205,-0.98295,10.01295
2.112,5521.927,0.159,-1.002,9.99405
2.128,5521.943,0.12,-0.98295,9.95595
2.143,5521.959,0.17805,-1.03995,9.936
2.16,5521.974,0.216,-1.07805,9.91695
2.175,5521.99,0.159,-1.002,9.879
2.19,5522.006,0.19695,-0.92505,9.89805
2.22,5522.022,0.23505,-0.906,9.89805
2.222,5522.038,0.216,-0.906,9.822
2.237,5522.053,0.19695,-0.96405,9.91695
2.254,5522.069,0.12,-0.98295,9.975
2.27,5522.084,0.10095,-1.002,10.01295
2.285,5522.101,0.10095,-0.92505,9.936
2.301,5522.117,0.12,-0.92505,9.70695
2.317,5522.132,0.17805,-1.03995,9.726
2.332,5522.148,0.13995,-1.002,9.85995
2.348,5522.163,0.006,-0.92505,9.822
2.365,5522.18,0.04395,-0.906,9.84105
2.38,5522.195,-0.01305,-0.94395,9.91695
2.396,5522.211,-0.01305,-0.906,9.879
2.411,5522.226,-0.051,-0.92505,9.879
2.429,5522.243,-0.08895,-0.906,9.91695
2.443,5522.258,-0.07005,-0.96405,9.95595
2.46,5522.274,-0.147,-0.94395,10.01295
2.474,5522.29,-0.147,-0.94395,10.032
2.49,5522.305,-0.147,-0.96405,9.85995
2.507,5522.321,-0.16605,-0.92505,9.61095
2.521,5522.337,-0.24195,-0.88695,9.573
2.538,5522.353,-0.147,-0.92505,9.85995
2.553,5522.369,-0.204,-0.96405,10.06995
2.571,5522.385,-0.16605,-0.96405,10.14705
2.584,5522.4,-0.18495,-0.92505,9.95595
2.6,5522.416,-0.24195,-0.92505,9.85995
2.617,5522.432,-0.16605,-0.86805,9.84105
2.631,5522.447,-0.12795,-0.88695,9.80205
2.648,5522.463,-0.08895,-0.88695,9.936
2.663,5522.479,-0.051,-0.92505,9.91695
2.679,5522.494,-0.03195,-0.88695,9.89805
2.695,5522.51,-0.051,-0.88695,9.91695
2.715,5522.526,-0.03195,-0.88695,9.936
2.749,5522.542,-0.051,-0.92505,9.85995
2.752,5522.558,-0.07005,-0.92505,9.74505
2.758,5522.573,-0.051,-0.92505,9.76395
2.774,5522.589,0.02505,-0.92505,9.89805
2.789,5522.604,-0.01305,-0.906,9.936
2.805,5522.621,0.006,-0.906,9.95595
2.821,5522.636,-0.01305,-0.92505,9.95595
2.837,5522.652,-0.03195,-0.88695,9.89805
2.854,5522.668,0.006,-0.88695,9.822
2.867,5522.683,0.006,-0.88695,9.822
2.884,5522.7,0.02505,-0.86805,9.91695
2.899,5522.714,0.04395,-0.86805,9.99405
2.916,5522.73,0.02505,-0.86805,9.95595
2.931,5522.747,0.063,-0.88695,9.879
2.947,5522.763,0.006,-0.88695,9.936
2.963,5522.778,-0.03195,-0.906,9.99405
2.979,5522.794,-0.051,-0.88695,9.85995
2.995,5522.81,-0.051,-0.849,9.76395
3.009,5522.825,0.063,-0.98295,9.879
3.026,5522.841,0.006,-0.96405,9.936
3.041,5522.857,-0.03195,-0.94395,9.89805
3.058,5522.873,-0.051,-0.94395,9.726
3.073,5522.889,-0.051,-0.906,9.76395
3.089,5522.904,-0.051,-1.002,9.95595
3.104,5522.92,-0.07005,-0.92505,10.032
3.121,5522.936,-0.051,-0.88695,10.06995
3.136,5522.952,0.04395,-0.92505,9.95595
3.152,5522.967,0.04395,-0.88695,9.85995
3.168,5522.983,0.063,-0.849,9.76395
3.185,5522.999,0.063,-0.906,9.783
3.2,5523.015,0.063,-0.92505,9.84105
3.224,5523.03,0.006,-0.906,9.936
3.231,5523.046,-0.01305,-0.92505,9.975
3.247,5523.062,0.006,-0.906,9.975
3.261,5523.078,-0.08895,-0.86805,9.975
3.277,5523.093,-0.07005,-0.82905,9.91695
3.295,5523.109,-0.03195,-0.88695,9.80205
3.311,5523.124,-0.01305,-0.88695,9.74505
3.329,5523.141,-0.01305,-0.79095,9.70695
3.34,5523.156,0.006,-0.86805,9.726
3.357,5523.172,0.02505,-0.88695,9.80205
3.372,5523.188,0.006,-0.86805,9.936
3.388,5523.203,-0.01305,-0.82905,9.95595
3.404,5523.219,-0.051,-0.82905,9.99405
3.419,5523.234,-0.03195,-0.79095,9.95595
3.435,5523.251,-0.051,-0.73395,9.822
3.451,5523.267,-0.01305,-0.753,9.76395
3.467,5523.283,-0.03195,-0.753,9.936
3.483,5523.298,-0.07005,-0.753,10.09005
3.5,5523.314,-0.07005,-0.77205,10.05105
3.514,5523.33,-0.051,-0.77205,9.91695
3.529,5523.345,-0.01305,-0.77205,9.91695
3.548,5523.361,-0.01305,-0.79095,9.89805
3.562,5523.377,-0.01305,-0.77205,9.89805
3.581,5523.393,0.006,-0.79095,9.89805
3.593,5523.409,0.006,-0.79095,9.879
3.611,5523.424,0.006,-0.81,9.879
3.627,5523.44,-0.01305,-0.81,9.84105
3.641,5523.456,-0.03195,-0.79095,9.85995
3.656,5523.472,-0.08895,-0.77205,9.89805
3.672,5523.487,-0.07005,-0.753,9.89805
3.69,5523.503,-0.051,-0.69495,9.879
3.703,5523.519,-0.07005,-0.71505,9.879
3.72,5523.534,-0.01305,-0.753,9.975
3.735,5523.55,-0.03195,-0.79095,10.032
3.751,5523.566,-0.08895,-0.73395,9.879
3.767,5523.582,-0.147,-0.67605,9.726
3.782,5523.598,-0.147,-0.753,9.80205
3.798,5523.613,-0.108,-0.79095,9.89805
3.813,5523.629,-0.16605,-0.73395,9.975
3.829,5523.644,-0.12795,-0.73395,10.05105
3.845,5523.661,-0.07005,-0.73395,9.99405
3.861,5523.676,-0.01305,-0.73395,9.879
3.878,5523.692,-0.03195,-0.73395,9.783
3.892,5523.708,-0.051,-0.71505,9.74505
3.908,5523.723,-0.051,-0.73395,9.84105
3.924,5523.739,-0.108,-0.753,9.879
3.94,5523.754,-0.108,-0.77205,9.936
3.956,5523.771,-0.12795,-0.79095,9.975
3.971,5523.787,-0.147,-0.753,9.975
3.989,5523.802,-0.12795,-0.77205,9.975
4.003,5523.818,-0.08895,-0.73395,9.85995
4.02,5523.834,-0.12795,-0.753,9.80205
4.035,5523.85,-0.08895,-0.73395,9.80205
4.048,5523.865,-0.108,-0.69495,9.822
4.066,5523.881,-0.07005,-0.69495,9.85995
4.081,5523.897,-0.07005,-0.73395,9.89805
4.098,5523.913,-0.08895,-0.753,9.95595
4.113,5523.929,-0.108,-0.753,9.975
4.129,5523.944,-0.12795,-0.69495,9.91695
4.145,5523.96,-0.108,-0.69495,9.84105
4.159,5523.975,-0.12795,-0.73395,9.84105
4.177,5523.992,-0.07005,-0.73395,9.936
4.192,5524.007,-0.108,-0.753,9.936
4.223,5524.023,-0.108,-0.73395,9.91695
4.224,5524.039,-0.108,-0.71505,9.89805
4.243,5524.054,-0.08895,-0.71505,9.89805
4.255,5524.07,-0.108,-0.73395,9.822
4.271,5524.086,-0.08895,-0.71505,9.879
4.287,5524.102,-0.108,-0.71505,9.89805
4.302,5524.118,-0.08895,-0.69495,9.936
4.318,5524.133,-0.08895,-0.753,9.936
4.334,5524.149,-0.108,-0.73395,9.879
4.351,5524.165,-0.08895,-0.71505,9.89805
4.365,5524.181,-0.12795,-0.69495,9.91695
4.381,5524.196,-0.12795,-0.69495,9.91695
4.397,5524.212,-0.08895,-0.69495,9.879
4.412,5524.228,-0.07005,-0.69495,9.936
4.429,5524.243,-0.108,-0.657,9.85995
4.444,5524.259,-0.01305,-0.77205,9.89805
4.459,5524.274,-0.01305,-0.73395,9.91695
4.475,5524.291,-0.08895,-0.657,9.84105
4.491,5524.307,-0.07005,-0.69495,9.76395
4.507,5524.322,-0.108,-0.81,9.879
4.524,5524.338,0.006,-0.81,9.975
4.539,5524.354,-0.08895,-0.73395,9.91695
4.556,5524.37,-0.07005,-0.67605,9.91695
4.569,5524.385,-0.07005,-0.67605,9.91695
4.589,5524.401,-0.01305,-0.69495,9.95595
4.601,5524.417,0.006,-0.67605,9.84105
4.618,5524.433,-0.01305,-0.67605,9.76395
4.633,5524.449,-0.051,-0.67605,9.822
4.649,5524.464,-0.07005,-0.69495,9.822
4.665,5524.48,-0.051,-0.753,9.89805
4.679,5524.495,-0.07005,-0.73395,9.936
4.697,5524.512,-0.08895,-0.73395,9.95595
4.712,5524.527,-0.16605,-0.657,9.91695
4.729,5524.543,-0.12795,-0.657,9.84105
4.744,5524.559,-0.08895,-0.69495,9.85995
4.76,5524.574,-0.08895,-0.69495,9.85995
4.774,5524.59,-0.108,-0.63795,9.84105
4.791,5524.606,-0.108,-0.61905,9.91695
4.807,5524.622,-0.07005,-0.657,9.99405
4.822,5524.638,-0.08895,-0.67605,9.99405
4.838,5524.653,-0.07005,-0.63795,9.936
4.855,5524.669,-0.08895,-0.657,9.879
4.872,5524.684,-0.07005,-0.67605,9.85995
4.885,5524.701,-0.08895,-0.69495,9.822
4.905,5524.716,-0.108,-0.69495,9.879
4.917,5524.732,-0.07005,-0.71505,9.89805
4.932,5524.748,-0.08895,-0.71505,9.85995
4.948,5524.763,-0.108,-0.69495,9.89805
4.964,5524.779,-0.108,-0.69495,9.879
4.98,5524.794,-0.051,-0.69495,9.936
4.995,5524.81,-0.051,-0.67605,9.936
5.011,5524.827,-0.051,-0.69495,9.89805
5.027,5524.842,-0.051,-0.67605,9.84105
5.043,5524.858,-0.051,-0.61905,9.822
5.059,5524.874,-0.12795,-0.63795,9.84105
5.074,5524.89,-0.108,-0.67605,9.936
5.089,5524.905,-0.08895,-0.71505,10.01295
5.106,5524.921,-0.147,-0.67605,9.99405
5.121,5524.937,-0.16605,-0.657,9.879
5.137,5524.953,-0.12795,-0.67605,9.85995
5.153,5524.968,-0.12795,-0.67605,9.84105
5.17,5524.984,-0.12795,-0.67605,9.822
5.185,5525,-0.08895,-0.67605,9.84105
5.199,5525.015,-0.051,-0.753,9.879
5.222,5525.031,-0.03195,-0.753,9.936
5.231,5525.047,-0.108,-0.61905,9.879
5.248,5525.063,-0.147,-0.657,9.80205
5.263,5525.079,-0.147,-0.69495,9.879
5.28,5525.094,-0.12795,-0.77205,9.91695
5.295,5525.11,-0.108,-0.73395,9.95595
5.311,5525.126,-0.147,-0.657,9.936
5.326,5525.142,-0.07005,-0.63795,9.89805
5.342,5525.157,-0.051,-0.67605,9.89805
5.365,5525.173,-0.051,-0.67605,9.879
5.373,5525.189,-0.08895,-0.67605,9.879
5.389,5525.204,-0.08895,-0.657,9.91695
5.404,5525.22,-0.108,-0.67605,9.95595
5.421,5525.236,-0.12795,-0.69495,9.89805
5.436,5525.252,-0.16605,-0.69495,9.84105
5.452,5525.268,-0.147,-0.71505,9.85995
5.469,5525.283,-0.18495,-0.69495,9.84105
5.486,5525.299,-0.18495,-0.657,9.84105
5.499,5525.315,-0.204,-0.69495,9.879
5.515,5525.331,-0.18495,-0.69495,9.91695
5.532,5525.347,-0.24195,-0.6,9.85995
5.547,5525.362,-0.18495,-0.657,9.89805
5.563,5525.378,-0.108,-0.71505,9.879
5.579,5525.394,-0.18495,-0.71505,9.89805
5.594,5525.41,-0.12795,-0.69495,10.01295
5.61,5525.425,-0.08895,-0.69495,9.91695
5.628,5525.441,-0.16605,-0.63795,9.879
5.641,5525.457,-0.204,-0.63795,9.84105
5.657,5525.473,-0.147,-0.63795,9.936
5.672,5525.488,-0.147,-0.67605,9.85995
5.689,5525.504,-0.108,-0.69495,9.91695
5.705,5525.52,-0.07005,-0.71505,9.89805
5.719,5525.535,-0.108,-0.69495,9.879
5.736,5525.551,-0.08895,-0.73395,9.85995
5.751,5525.567,-0.08895,-0.69495,9.822
5.769,5525.583,-0.07005,-0.71505,9.89805
5.783,5525.599,-0.08895,-0.73395,9.95595
5.799,5525.614,-0.12795,-0.69495,9.91695
5.819,5525.63,-0.16605,-0.67605,9.84105
5.83,5525.646,-0.108,-0.657,9.89805
5.847,5525.662,-0.147,-0.63795,9.936
5.862,5525.677,-0.16605,-0.6,9.879
5.878,5525.693,-0.16605,-0.58095,9.89805
5.893,5525.709,-0.204,-0.6,9.99405
5.909,5525.725,-0.22305,-0.657,10.05105
5.925,5525.74,-0.16605,-0.657,9.99405
5.941,5525.756,-0.12795,-0.657,9.89805
5.957,5525.772,-0.108,-0.67605,9.85995
5.973,5525.788,-0.051,-0.69495,9.879
5.989,5525.803,-0.051,-0.73395,9.85995
6.003,5525.819,-0.108,-0.657,9.783
6.019,5525.834,-0.147,-0.69495,9.76395
6.035,5525.851,-0.16605,-0.71505,9.80205
6.051,5525.866,-0.12795,-0.753,9.936
6.067,5525.882,-0.147,-0.71505,9.95595
6.082,5525.898,-0.147,-0.63795,9.85995
6.098,5525.913,-0.12795,-0.657,9.85995
6.116,5525.93,-0.08895,-0.67605,9.85995
6.13,5525.944,-0.108,-0.61905,9.89805
6.147,5525.961,-0.07005,-0.61905,9.89805
6.161,5525.977,-0.108,-0.61905,9.89805
6.177,5525.992,-0.07005,-0.63795,9.975
6.193,5526.008,-0.147,-0.63795,9.879
6.217,5526.024,-0.16605,-0.657,9.89805
6.223,5526.04,-0.16605,-0.69495,9.975
6.239,5526.055,-0.16605,-0.69495,9.91695
6.256,5526.071,-0.204,-0.67605,9.76395
6.271,5526.087,-0.18495,-0.69495,9.76395
6.287,5526.103,-0.204,-0.63795,9.80205
6.303,5526.118,-0.12795,-0.657,9.879
6.319,5526.134,-0.147,-0.6,9.89805
6.334,5526.15,-0.108,-0.61905,9.95595
6.349,5526.165,-0.12795,-0.657,9.936
6.368,5526.182,-0.108,-0.67605,9.936
6.382,5526.197,-0.16605,-0.67605,9.91695
6.398,5526.213,-0.16605,-0.657,9.89805
6.415,5526.229,-0.16605,-0.63795,9.80205
6.429,5526.244,-0.18495,-0.657,9.783
6.447,5526.26,-0.108,-0.67605,9.91695
6.461,5526.276,-0.16605,-0.69495,9.95595
6.477,5526.292,-0.108,-0.69495,9.936
6.492,5526.308,-0.12795,-0.69495,9.936
6.509,5526.323,-0.12795,-0.67605,9.84105
6.523,5526.339,-0.12795,-0.69495,9.89805
6.54,5526.354,-0.108,-0.69495,9.91695
6.555,5526.371,-0.108,-0.69495,9.89805
6.571,5526.386,-0.07005,-0.69495,9.879
6.587,5526.402,-0.08895,-0.71505,9.936
6.602,5526.418,-0.07005,-0.67605,9.85995
6.618,5526.433,-0.08895,-0.71505,9.822
6.634,5526.449,-0.08895,-0.71505,9.85995
6.65,5526.464,-0.12795,-0.69495,9.89805
6.666,5526.481,-0.12795,-0.69495,9.936
6.681,5526.497,-0.12795,-0.67605,9.91695
6.697,5526.512,-0.08895,-0.67605,9.879
6.716,5526.528,-0.08895,-0.67605,9.936
6.743,5526.544,-0.16605,-0.61905,9.89805
6.744,5526.56,-0.051,-0.71505,9.85995
6.761,5526.575,-0.07005,-0.71505,9.84105
6.776,5526.591,-0.03195,-0.73395,9.80205
6.793,5526.607,-0.12795,-0.753,9.879
6.808,5526.623,-0.12795,-0.73395,9.975
6.823,5526.638,-0.147,-0.67605,10.01295
6.839,5526.654,-0.08895,-0.69495,9.95595
6.854,5526.67,-0.051,-0.69495,9.89805
6.869,5526.685,-0.07005,-0.67605,9.91695
6.887,5526.701,-0.08895,-0.657,9.822
6.902,5526.717,-0.08895,-0.67605,9.822
6.918,5526.733,-0.07005,-0.73395,9.91695
6.933,5526.749,-0.07005,-0.753,10.01295
6.948,5526.764,-0.12795,-0.753,10.032
6.965,5526.78,-0.18495,-0.71505,9.91695
6.98,5526.796,-0.18495,-0.69495,9.822
6.996,5526.812,-0.147,-0.71505,9.74505
7.014,5526.827,-0.12795,-0.71505,9.76395
7.028,5526.843,-0.147,-0.67605,9.76395
7.044,5526.859,-0.12795,-0.69495,9.89805
7.06,5526.874,-0.051,-0.73395,9.99405
7.079,5526.89,-0.051,-0.73395,10.032
7.093,5526.906,-0.108,-0.71505,9.975
7.109,5526.922,-0.12795,-0.71505,9.936
7.121,5526.938,-0.12795,-0.753,9.91695
7.138,5526.953,-0.12795,-0.71505,9.822
7.154,5526.969,-0.12795,-0.73395,9.783
7.17,5526.984,-0.12795,-0.67605,9.822
7.188,5527.001,-0.147,-0.67605,9.879
7.201,5527.017,-0.147,-0.71505,9.85995
7.226,5527.032,-0.12795,-0.753,9.89805
7.232,5527.048,-0.16605,-0.71505,9.89805
7.249,5527.064,-0.16605,-0.69495,9.89805
7.264,5527.08,-0.16605,-0.73395,9.89805
7.28,5527.095,-0.108,-0.71505,9.95595
7.295,5527.111,-0.108,-0.71505,9.936
7.311,5527.127,-0.12795,-0.67605,9.91695
7.327,5527.143,-0.12795,-0.67605,9.822
7.342,5527.158,-0.147,-0.69495,9.822
7.361,5527.174,-0.12795,-0.71505,9.89805
7.374,5527.19,-0.08895,-0.69495,9.95595
7.389,5527.205,-0.07005,-0.657,9.95595
7.408,5527.221,-0.108,-0.61905,9.89805
7.421,5527.237,-0.08895,-0.69495,9.91695
7.438,5527.253,-0.08895,-0.73395,9.936
7.453,5527.269,-0.147,-0.69495,9.89805
7.469,5527.284,-0.147,-0.69495,9.80205
7.484,5527.3,-0.16605,-0.657,9.783
7.499,5527.315,-0.18495,-0.71505,9.879
7.517,5527.332,-0.204,-0.67605,9.99405
7.532,5527.347,-0.147,-0.63795,10.05105
7.549,5527.363,-0.12795,-0.63795,10.01295
7.563,5527.379,-0.08895,-0.657,9.89805
7.579,5527.394,-0.108,-0.63795,9.85995
7.594,5527.41,-0.12795,-0.61905,9.822
7.61,5527.426,-0.147,-0.657,9.80205
7.626,5527.442,-0.12795,-0.69495,9.879
7.642,5527.458,-0.147,-0.71505,9.936
7.658,5527.473,-0.147,-0.71505,9.975
7.674,5527.489,-0.16605,-0.67605,9.95595
7.69,5527.504,-0.18495,-0.657,9.85995
7.707,5527.521,-0.16605,-0.657,9.783
7.724,5527.536,-0.16605,-0.63795,9.76395
7.737,5527.552,-0.204,-0.61905,9.89805
7.752,5527.568,-0.16605,-0.63795,9.95595
7.768,5527.583,-0.16605,-0.63795,9.95595
7.784,5527.599,-0.18495,-0.657,9.975
7.799,5527.614,-0.16605,-0.61905,9.95595
7.815,5527.631,-0.16605,-0.657,9.89805
7.831,5527.647,-0.147,-0.63795,9.822
7.847,5527.662,-0.18495,-0.61905,9.80205
7.866,5527.678,-0.22305,-0.6,9.80205
7.878,5527.694,-0.18495,-0.63795,9.85995
7.894,5527.71,-0.22305,-0.657,9.879
7.909,5527.725,-0.18495,-0.657,9.89805
7.926,5527.741,-0.18495,-0.63795,9.89805
7.941,5527.757,-0.18495,-0.63795,9.89805
7.957,5527.773,-0.16605,-0.63795,9.89805
7.973,5527.789,-0.18495,-0.6,9.879
7.989,5527.804,-0.18495,-0.58095,9.879
8.004,5527.82,-0.18495,-0.561,9.936
8.019,5527.835,-0.18495,-0.6,9.89805
8.037,5527.852,-0.204,-0.61905,9.89805
8.052,5527.867,-0.22305,-0.61905,9.95595
8.068,5527.883,-0.22305,-0.61905,9.95595
8.083,5527.899,-0.16605,-0.58095,9.84105
8.099,5527.914,-0.147,-0.6,9.879
8.115,5527.93,-0.12795,-0.67605,9.95595
8.13,5527.946,-0.12795,-0.69495,10.032
8.147,5527.962,-0.204,-0.61905,9.879
8.162,5527.978,-0.204,-0.61905,9.74505
8.178,5527.993,-0.204,-0.61905,9.76395
8.196,5528.01,-0.204,-0.657,9.879
8.221,5528.024,-0.18495,-0.63795,9.99405
8.225,5528.041,-0.18495,-0.61905,10.032
8.243,5528.056,-0.147,-0.58095,9.91695
8.257,5528.072,-0.12795,-0.58095,9.89805
8.273,5528.088,-0.16605,-0.58095,9.80205
8.289,5528.103,-0.16605,-0.58095,9.879
8.304,5528.119,-0.18495,-0.6,9.91695
8.323,5528.134,-0.22305,-0.63795,9.85995
8.336,5528.151,-0.22305,-0.63795,9.84105
8.351,5528.167,-0.26205,-0.67605,9.89805
8.369,5528.182,-0.26205,-0.63795,9.975
8.383,5528.198,-0.22305,-0.61905,9.91695
8.399,5528.214,-0.22305,-0.6,9.783
8.414,5528.23,-0.22305,-0.58095,9.84105
8.43,5528.245,-0.22305,-0.6,9.89805
8.446,5528.261,-0.18495,-0.63795,9.975
8.461,5528.277,-0.18495,-0.63795,10.032
8.478,5528.293,-0.204,-0.61905,9.936
8.494,5528.308,-0.22305,-0.61905,9.936
8.509,5528.324,-0.204,-0.61905,9.91695
8.524,5528.34,-0.204,-0.61905,9.85995
8.539,5528.355,-0.24195,-0.6,9.84105
8.556,5528.372,-0.26205,-0.6,9.84105
8.572,5528.387,-0.22305,-0.61905,9.84105
8.589,5528.403,-0.204,-0.61905,9.879
8.604,5528.419,-0.22305,-0.61905,9.91695
8.619,5528.434,-0.18495,-0.6,9.91695
8.635,5528.45,-0.22305,-0.61905,9.936
8.651,5528.466,-0.22305,-0.61905,9.936
8.667,5528.482,-0.204,-0.61905,9.91695
8.682,5528.498,-0.16605,-0.61905,9.84105
8.698,5528.513,-0.16605,-0.58095,9.879
8.713,5528.53,-0.16605,-0.6,9.879
8.73,5528.544,-0.18495,-0.61905,9.85995
8.745,5528.561,-0.22305,-0.6,9.91695
8.76,5528.576,-0.24195,-0.6,9.975
8.777,5528.592,-0.16605,-0.61905,9.936
8.792,5528.608,-0.18495,-0.58095,9.91695
8.809,5528.623,-0.18495,-0.61905,9.879
8.825,5528.639,-0.16605,-0.657,9.91695
8.84,5528.654,-0.18495,-0.6,9.91695
8.855,5528.671,-0.22305,-0.561,9.822
8.871,5528.687,-0.18495,-0.58095,9.687
8.887,5528.702,-0.204,-0.67605,9.85995
8.903,5528.718,-0.16605,-0.657,9.99405
8.919,5528.734,-0.22305,-0.61905,9.95595
8.934,5528.75,-0.18495,-0.58095,9.89805
8.95,5528.765,-0.16605,-0.6,9.95595
8.966,5528.781,-0.108,-0.6,9.936
8.981,5528.797,-0.108,-0.58095,9.95595
9,5528.813,-0.12795,-0.52305,9.783
9.012,5528.828,-0.12795,-0.58095,9.822
9.029,5528.844,-0.12795,-0.58095,9.89805
9.044,5528.86,-0.16605,-0.6,9.879
9.059,5528.875,-0.22305,-0.61905,9.91695
9.076,5528.891,-0.24195,-0.6,9.95595
9.092,5528.907,-0.22305,-0.58095,9.95595
9.108,5528.923,-0.18495,-0.58095,9.84105
9.123,5528.939,-0.22305,-0.61905,9.783
9.139,5528.954,-0.18495,-0.6,9.84105
9.154,5528.97,-0.16605,-0.58095,9.85995
9.17,5528.986,-0.16605,-0.58095,9.879
9.187,5529.002,-0.12795,-0.61905,9.95595
9.201,5529.018,-0.147,-0.6,9.91695
9.221,5529.033,-0.147,-0.61905,9.879
9.234,5529.049,-0.12795,-0.6,9.879
9.249,5529.064,-0.147,-0.6,9.879
9.264,5529.081,-0.204,-0.54195,9.85995
9.281,5529.096,-0.204,-0.58095,9.80205
9.296,5529.112,-0.18495,-0.61905,9.91695
9.314,5529.128,-0.18495,-0.58095,9.99405
9.327,5529.143,-0.147,-0.6,9.95595
9.344,5529.16,-0.147,-0.58095,9.936
9.359,5529.174,-0.12795,-0.58095,9.91695
9.374,5529.191,-0.16605,-0.61905,9.84105
9.39,5529.207,-0.12795,-0.63795,9.85995
9.407,5529.222,-0.12795,-0.61905,9.84105
9.422,5529.238,-0.16605,-0.58095,9.85995
9.439,5529.254,-0.16605,-0.58095,9.822
9.454,5529.27,-0.12795,-0.58095,9.85995
9.474,5529.285,-0.147,-0.6,9.936
9.486,5529.301,-0.16605,-0.561,9.936
9.501,5529.317,-0.16605,-0.58095,9.89805
9.518,5529.333,-0.12795,-0.58095,9.91695
9.532,5529.348,-0.12795,-0.58095,9.879
9.549,5529.364,-0.12795,-0.6,9.91695
9.564,5529.38,-0.08895,-0.61905,9.936
9.579,5529.395,-0.12795,-0.6,9.89805
9.596,5529.411,-0.18495,-0.6,9.783
9.614,5529.427,-0.147,-0.63795,9.783
9.628,5529.443,-0.22305,-0.67605,9.91695
9.643,5529.459,-0.147,-0.657,9.975
9.66,5529.474,-0.204,-0.63795,9.95595
9.674,5529.49,-0.16605,-0.61905,9.879
9.691,5529.506,-0.12795,-0.6,9.85995
9.706,5529.522,-0.108,-0.561,9.85995
9.722,5529.538,-0.108,-0.561,9.89805
9.738,5529.553,-0.08895,-0.58095,9.936
9.753,5529.569,-0.108,-0.6,9.95595
9.769,5529.585,-0.147,-0.657,9.936
9.785,5529.601,-0.204,-0.657,9.89805
9.801,5529.616,-0.22305,-0.67605,9.91695
9.818,5529.632,-0.18495,-0.657,9.91695
9.832,5529.648,-0.16605,-0.67605,9.85995
9.848,5529.663,-0.16605,-0.657,9.822
9.864,5529.679,-0.16605,-0.657,9.80205
9.88,5529.694,-0.147,-0.61905,9.879
9.895,5529.711,-0.147,-0.63795,9.89805
9.911,5529.727,-0.12795,-0.63795,9.95595
9.927,5529.742,-0.108,-0.63795,9.95595
9.943,5529.758,-0.12795,-0.61905,9.91695
9.959,5529.774,-0.12795,-0.63795,9.89805
9.974,5529.79,-0.12795,-0.657,9.879
9.989,5529.805,-0.147,-0.657,9.879
10.006,5529.821,-0.12795,-0.657,9.84105
10.021,5529.837,-0.147,-0.67605,9.85995
10.037,5529.853,-0.12795,-0.69495,9.89805
10.053,5529.868,-0.147,-0.69495,9.936
10.068,5529.884,-0.16605,-0.69495,9.975
10.084,5529.9,-0.16605,-0.657,9.936
10.098,5529.915,-0.147,-0.657,9.89805
10.117,5529.931,-0.108,-0.63795,9.879
10.131,5529.947,-0.08895,-0.63795,9.84105
10.147,5529.963,-0.12795,-0.657,9.91695
10.163,5529.979,-0.12795,-0.657,9.91695
10.178,5529.994,-0.147,-0.657,9.89805
10.194,5530.01,-0.147,-0.69495,9.91695
10.214,5530.026,-0.108,-0.69495,9.89805
10.23,5530.042,-0.108,-0.67605,9.879
10.243,5530.057,-0.12795,-0.67605,9.89805
10.257,5530.073,-0.108,-0.71505,9.89805
10.279,5530.089,-0.12795,-0.71505,9.936
10.289,5530.104,-0.108,-0.67605,9.879
10.304,5530.12,-0.12795,-0.67605,9.879
10.32,5530.136,-0.07005,-0.73395,9.936
10.336,5530.152,-0.108,-0.71505,9.95595
10.352,5530.168,-0.12795,-0.69495,9.85995
10.368,5530.183,-0.12795,-0.71505,9.80205
10.384,5530.199,-0.18495,-0.753,9.84105
10.399,5530.214,-0.12795,-0.77205,9.85995
10.415,5530.231,-0.147,-0.753,9.91695
10.431,5530.247,-0.147,-0.71505,9.91695
10.447,5530.262,-0.07005,-0.69495,9.89805
10.463,5530.278,-0.108,-0.71505,9.91695
10.48,5530.294,-0.108,-0.69495,9.91695
10.494,5530.31,-0.07005,-0.71505,9.85995
10.51,5530.325,-0.108,-0.69495,9.822
10.526,5530.341,-0.147,-0.67605,9.84105
10.541,5530.357,-0.12795,-0.73395,9.89805
10.558,5530.373,-0.12795,-0.77205,9.975
10.576,5530.388,-0.16605,-0.73395,10.032
10.589,5530.404,-0.18495,-0.71505,9.936
10.605,5530.42,-0.147,-0.753,9.879
10.619,5530.435,-0.147,-0.73395,9.80205
10.636,5530.451,-0.147,-0.71505,9.76395
10.652,5530.467,-0.12795,-0.69495,9.80205
10.667,5530.483,-0.108,-0.73395,9.975
10.683,5530.499,-0.07005,-0.77205,10.05105
10.7,5530.514,-0.08895,-0.753,9.99405
10.718,5530.53,-0.08895,-0.73395,9.91695
10.759,5530.546,-0.08895,-0.73395,9.879
10.76,5530.562,-0.12795,-0.753,9.84105
10.762,5530.577,-0.147,-0.73395,9.84105
10.777,5530.593,-0.147,-0.753,9.879
10.793,5530.609,-0.12795,-0.753,9.879
10.809,5530.624,-0.108,-0.73395,9.936
10.826,5530.64,-0.07005,-0.73395,9.84105
10.842,5530.656,-0.08895,-0.73395,9.89805
10.856,5530.672,-0.08895,-0.77205,9.879
10.875,5530.688,-0.07005,-0.753,9.936
10.888,5530.703,-0.051,-0.753,9.879
10.904,5530.719,-0.08895,-0.73395,9.84105
10.919,5530.734,-0.07005,-0.73395,9.84105
10.935,5530.751,-0.08895,-0.69495,9.879
10.951,5530.767,-0.07005,-0.77205,9.936
10.967,5530.782,-0.07005,-0.73395,9.975
10.982,5530.798,-0.147,-0.73395,9.91695
10.998,5530.813,-0.147,-0.71505,9.879
11.014,5530.83,-0.108,-0.71505,9.879
11.029,5530.845,-0.12795,-0.71505,9.879
11.045,5530.861,-0.108,-0.753,9.95595
11.061,5530.877,-0.108,-0.77205,9.975
11.077,5530.893,-0.108,-0.71505,9.95595
11.092,5530.908,-0.08895,-0.71505,9.879
11.108,5530.924,-0.07005,-0.753,9.879
11.125,5530.94,-0.03195,-0.79095,10.01295
11.138,5530.955,-0.07005,-0.77205,9.85995
11.155,5530.971,-0.08895,-0.753,9.687
11.171,5530.987,-0.12795,-0.753,9.687
11.187,5531.003,-0.147,-0.79095,9.91695
11.202,5531.019,-0.16605,-0.81,10.09005
11.221,5531.034,-0.16605,-0.73395,10.01295
11.235,5531.051,-0.08895,-0.73395,9.95595
11.249,5531.066,-0.051,-0.73395,9.879
11.266,5531.082,-0.051,-0.71505,9.84105
11.281,5531.097,-0.051,-0.71505,9.80205
11.297,5531.113,-0.108,-0.71505,9.879
11.314,5531.129,-0.08895,-0.753,9.95595
11.328,5531.144,-0.108,-0.77205,9.99405
11.344,5531.16,-0.12795,-0.81,9.975
11.36,5531.176,-0.147,-0.77205,10.01295
11.376,5531.192,-0.108,-0.77205,9.85995
11.392,5531.208,-0.147,-0.79095,9.70695
11.408,5531.223,-0.12795,-0.753,9.726
11.424,5531.239,-0.147,-0.71505,9.84105
11.44,5531.254,-0.12795,-0.753,9.91695
11.455,5531.271,-0.08895,-0.753,9.975
11.471,5531.286,-0.108,-0.77205,9.99405
11.487,5531.302,-0.147,-0.73395,9.91695
11.502,5531.318,-0.147,-0.753,9.879
11.518,5531.333,-0.147,-0.753,9.879
11.534,5531.35,-0.12795,-0.77205,9.85995
11.55,5531.365,-0.147,-0.753,9.822
11.566,5531.381,-0.16605,-0.73395,9.84105
11.582,5531.397,-0.147,-0.77205,9.936
11.596,5531.413,-0.18495,-0.79095,9.95595
11.612,5531.428,-0.147,-0.753,9.879
11.628,5531.444,-0.147,-0.753,9.89805
11.643,5531.46,-0.08895,-0.73395,9.84105
11.658,5531.475,-0.108,-0.73395,9.85995
11.675,5531.491,-0.12795,-0.77205,9.879
11.691,5531.507,-0.12795,-0.753,9.89805
11.707,5531.523,-0.16605,-0.753,9.936
11.723,5531.539,-0.147,-0.77205,9.91695
11.74,5531.554,-0.147,-0.73395,9.84105
11.755,5531.57,-0.18495,-0.73395,9.89805
11.769,5531.585,-0.147,-0.73395,9.879
11.786,5531.602,-0.147,-0.753,9.89805
11.804,5531.617,-0.204,-0.77205,9.89805
11.818,5531.633,-0.16605,-0.79095,9.91695
11.835,5531.649,-0.16605,-0.79095,9.975
11.851,5531.664,-0.18495,-0.69495,9.936
11.865,5531.68,-0.12795,-0.73395,9.85995
11.88,5531.696,-0.108,-0.79095,9.89805
11.897,5531.712,-0.108,-0.79095,9.91695
11.912,5531.728,-0.16605,-0.73395,9.76395
11.93,5531.743,-0.204,-0.71505,9.687
11.944,5531.759,-0.24195,-0.73395,9.80205
11.96,5531.774,-0.22305,-0.753,10.05105
11.975,5531.791,-0.22305,-0.753,10.16595
11.99,5531.806,-0.18495,-0.753,10.032
12.007,5531.822,-0.08895,-0.753,9.879
12.022,5531.838,-0.12795,-0.69495,9.783
12.037,5531.853,-0.147,-0.71505,9.76395
12.053,5531.869,-0.16605,-0.73395,9.76395
12.07,5531.884,-0.16605,-0.79095,9.84105
12.085,5531.901,-0.18495,-0.77205,9.95595
12.104,5531.917,-0.18495,-0.77205,9.99405
12.118,5531.933,-0.204,-0.77205,9.95595
12.134,5531.948,-0.204,-0.73395,9.89805
12.149,5531.964,-0.204,-0.71505,9.783
12.164,5531.98,-0.22305,-0.67605,9.76395
12.18,5531.995,-0.18495,-0.69495,9.879
12.199,5532.011,-0.22305,-0.71505,9.89805
12.212,5532.027,-0.18495,-0.753,9.91695
12.233,5532.043,-0.147,-0.753,9.975
12.243,5532.059,-0.18495,-0.73395,9.99405
12.259,5532.074,-0.16605,-0.73395,10.01295
12.274,5532.09,-0.18495,-0.73395,9.879
12.289,5532.105,-0.18495,-0.71505,9.84105
12.307,5532.122,-0.204,-0.71505,9.822
12.322,5532.137,-0.204,-0.73395,9.80205
12.338,5532.153,-0.22305,-0.73395,9.84105
12.355,5532.169,-0.24195,-0.73395,9.89805
12.369,5532.184,-0.22305,-0.69495,9.936
12.388,5532.2,-0.22305,-0.69495,9.89805
12.401,5532.216,-0.204,-0.67605,9.91695
12.417,5532.232,-0.16605,-0.73395,9.99405
12.432,5532.248,-0.18495,-0.69495,9.95595
12.448,5532.263,-0.18495,-0.67605,9.85995
12.464,5532.279,-0.22305,-0.67605,9.822
12.48,5532.294,-0.22305,-0.67605,9.80205
12.495,5532.31,-0.204,-0.67605,9.91695
12.511,5532.326,-0.18495,-0.71505,9.89805
12.527,5532.342,-0.204,-0.69495,9.975
12.542,5532.358,-0.24195,-0.67605,9.89805
12.557,5532.373,-0.22305,-0.69495,9.85995
12.574,5532.389,-0.16605,-0.67605,9.89805
12.589,5532.404,-0.18495,-0.61905,9.84105
12.605,5532.421,-0.22305,-0.69495,9.879
12.621,5532.437,-0.147,-0.753,9.99405
12.637,5532.453,-0.22305,-0.69495,9.91695
12.653,5532.468,-0.22305,-0.67605,9.74505
12.67,5532.484,-0.28095,-0.657,9.687
12.684,5532.5,-0.24195,-0.69495,9.84105
12.7,5532.515,-0.28095,-0.71505,9.975
12.716,5532.531,-0.24195,-0.657,9.99405
12.731,5532.547,-0.16605,-0.657,9.95595
12.747,5532.563,-0.18495,-0.63795,9.879
12.763,5532.579,-0.204,-0.63795,9.879
12.78,5532.594,-0.22305,-0.63795,9.85995
12.794,5532.61,-0.16605,-0.657,9.89805
12.81,5532.626,-0.18495,-0.67605,9.95595
12.827,5532.642,-0.24195,-0.63795,9.975
12.842,5532.657,-0.204,-0.657,9.936
12.858,5532.673,-0.26205,-0.67605,9.936
12.873,5532.689,-0.22305,-0.657,9.91695
12.889,5532.704,-0.22305,-0.61905,9.822
12.905,5532.72,-0.204,-0.657,9.783
12.921,5532.736,-0.24195,-0.657,9.80205
12.937,5532.752,-0.24195,-0.657,9.879
12.952,5532.768,-0.24195,-0.67605,9.89805
12.968,5532.783,-0.204,-0.67605,9.936
12.983,5532.799,-0.18495,-0.69495,9.95595
13,5532.814,-0.204,-0.67605,10.01295
13.015,5532.831,-0.204,-0.657,9.89805
13.031,5532.846,-0.204,-0.61905,9.80205
13.047,5532.862,-0.24195,-0.657,9.783
13.063,5532.878,-0.204,-0.63795,9.89805
13.081,5532.893,-0.24195,-0.61905,9.822
13.097,5532.909,-0.24195,-0.67605,9.89805
13.11,5532.924,-0.204,-0.657,9.89805
13.124,5532.94,-0.22305,-0.67605,9.91695
13.141,5532.957,-0.24195,-0.63795,9.89805
13.157,5532.972,-0.26205,-0.61905,9.85995
13.172,5532.988,-0.204,-0.657,9.84105
13.188,5533.004,-0.16605,-0.67605,9.822
13.204,5533.02,-0.147,-0.63795,9.85995
13.229,5533.035,-0.18495,-0.63795,9.91695
13.236,5533.051,-0.204,-0.63795,9.91695
13.251,5533.067,-0.18495,-0.61905,9.89805
13.268,5533.083,-0.204,-0.657,9.975
13.284,5533.099,-0.22305,-0.63795,9.95595
13.299,5533.114,-0.204,-0.657,9.91695
13.315,5533.13,-0.24195,-0.657,9.84105
13.33,5533.145,-0.204,-0.63795,9.84105
13.346,5533.162,-0.22305,-0.63795,9.85995
13.362,5533.177,-0.18495,-0.67605,9.936
13.378,5533.193,-0.18495,-0.63795,9.91695
13.396,5533.209,-0.24195,-0.61905,9.80205
13.409,5533.224,-0.22305,-0.61905,9.783
13.425,5533.24,-0.33795,-0.67605,9.89805
13.439,5533.256,-0.26205,-0.69495,9.95595
13.457,5533.272,-0.28095,-0.63795,9.89805
13.472,5533.288,-0.22305,-0.63795,9.936
13.489,5533.303,-0.204,-0.561,9.95595
13.504,5533.319,-0.16605,-0.6,9.91695
13.518,5533.334,-0.16605,-0.63795,9.879
13.535,5533.351,-0.204,-0.58095,9.84105
13.551,5533.366,-0.147,-0.61905,9.879
13.567,5533.382,-0.18495,-0.67605,9.95595
13.582,5533.398,-0.16605,-0.67605,9.95595
13.598,5533.413,-0.18495,-0.657,9.879
13.613,5533.429,-0.28095,-0.657,9.91695
13.629,5533.445,-0.22305,-0.63795,9.84105
13.646,5533.461,-0.204,-0.67605,9.74505
13.661,5533.477,-0.22305,-0.67605,9.822
13.677,5533.492,-0.24195,-0.63795,9.85995
13.692,5533.508,-0.24195,-0.63795,9.91695
13.708,5533.525,-0.204,-0.657,9.975
13.726,5533.54,-0.16605,-0.63795,9.99405
13.74,5533.555,-0.22305,-0.63795,10.01295
13.756,5533.571,-0.22305,-0.61905,9.975
13.771,5533.587,-0.18495,-0.63795,9.91695
13.788,5533.603,-0.16605,-0.657,9.879
13.803,5533.618,-0.16605,-0.63795,9.89805
13.819,5533.634,-0.22305,-0.61905,9.89805
13.835,5533.65,-0.204,-0.657,9.91695
13.85,5533.665,-0.16605,-0.67605,9.89805
13.866,5533.681,-0.16605,-0.657,9.95595
13.882,5533.697,-0.18495,-0.6,9.91695
13.898,5533.713,-0.22305,-0.63795,9.84105
13.913,5533.729,-0.204,-0.63795,9.879
13.929,5533.745,-0.204,-0.657,9.879
13.945,5533.76,-0.24195,-0.63795,9.85995
13.96,5533.776,-0.18495,-0.657,9.91695
13.977,5533.792,-0.22305,-0.63795,9.85995
13.992,5533.808,-0.18495,-0.657,9.879
14.009,5533.823,-0.204,-0.63795,9.975
14.023,5533.839,-0.22305,-0.657,9.936
14.039,5533.854,-0.22305,-0.63795,9.91695
14.054,5533.871,-0.204,-0.63795,9.85995
14.07,5533.886,-0.18495,-0.6,9.84105
14.088,5533.902,-0.18495,-0.61905,9.84105
14.102,5533.918,-0.16605,-0.67605,9.91695
14.118,5533.933,-0.204,-0.63795,9.91695
14.134,5533.949,-0.24195,-0.58095,9.822
14.149,5533.964,-0.22305,-0.61905,9.726
14.165,5533.981,-0.24195,-0.67605,9.822
14.181,5533.997,-0.22305,-0.71505,10.032
14.197,5534.012,-0.24195,-0.63795,10.032
14.213,5534.028,-0.22305,-0.61905,9.975
14.229,5534.044,-0.18495,-0.63795,9.822
14.245,5534.06,-0.12795,-0.6,9.84105
14.259,5534.075,-0.18495,-0.61905,9.89805
14.274,5534.09,-0.18495,-0.61905,9.91695
14.291,5534.107,-0.204,-0.6,9.91695
14.307,5534.123,-0.204,-0.6,9.879
14.323,5534.138,-0.18495,-0.61905,9.91695
14.339,5534.154,-0.18495,-0.657,9.89805
14.354,5534.17,-0.16605,-0.657,9.95595
14.37,5534.185,-0.204,-0.61905,9.91695
14.387,5534.201,-0.18495,-0.63795,9.783
14.402,5534.217,-0.22305,-0.657,9.783
14.418,5534.233,-0.204,-0.63795,9.879
14.435,5534.249,-0.204,-0.61905,9.91695
14.449,5534.264,-0.204,-0.657,9.95595
14.465,5534.28,-0.16605,-0.657,9.936
14.481,5534.296,-0.147,-0.63795,9.975
14.496,5534.312,-0.16605,-0.61905,9.95595
14.512,5534.327,-0.18495,-0.63795,9.879
14.528,5534.343,-0.18495,-0.63795,9.85995
14.544,5534.359,-0.18495,-0.67605,9.879
14.56,5534.374,-0.22305,-0.657,9.89805
14.575,5534.39,-0.18495,-0.61905,9.89805
14.592,5534.406,-0.18495,-0.61905,9.95595
14.609,5534.422,-0.22305,-0.657,9.936
14.622,5534.438,-0.22305,-0.657,9.91695
14.638,5534.453,-0.18495,-0.657,9.91695
14.655,5534.469,-0.204,-0.63795,9.89805
14.671,5534.485,-0.12795,-0.657,9.89805
14.685,5534.501,-0.147,-0.63795,9.84105
14.701,5534.517,-0.147,-0.63795,9.879
14.741,5534.532,-0.16605,-0.63795,9.91695
14.743,5534.548,-0.147,-0.63795,9.95595
14.749,5534.564,-0.16605,-0.63795,9.91695
14.764,5534.58,-0.18495,-0.63795,9.822
14.78,5534.595,-0.22305,-0.61905,9.822
14.796,5534.611,-0.16605,-0.67605,9.85995
14.811,5534.627,-0.16605,-0.67605,9.91695
14.828,5534.643,-0.18495,-0.657,9.89805
14.843,5534.658,-0.147,-0.67605,9.879
14.859,5534.674,-0.16605,-0.67605,9.879
14.874,5534.69,-0.22305,-0.657,9.89805
14.889,5534.705,-0.204,-0.63795,9.783
14.906,5534.721,-0.22305,-0.61905,9.76395
14.921,5534.737,-0.26205,-0.67605,9.879
14.938,5534.753,-0.22305,-0.67605,10.01295
14.954,5534.769,-0.22305,-0.657,10.032
14.969,5534.784,-0.18495,-0.657,10.032
14.985,5534.8,-0.12795,-0.657,9.936
15.001,5534.816,-0.12795,-0.61905,9.822
15.017,5534.832,-0.12795,-0.61905,9.76395
15.032,5534.847,-0.147,-0.61905,9.84105
15.048,5534.863,-0.16605,-0.67605,9.89805
15.063,5534.879,-0.16605,-0.69495,9.936
15.081,5534.895,-0.18495,-0.69495,9.99405
15.095,5534.91,-0.204,-0.69495,9.95595
15.11,5534.926,-0.26205,-0.657,9.91695
15.127,5534.942,-0.204,-0.67605,9.84105
15.142,5534.958,-0.204,-0.69495,9.74505
15.158,5534.973,-0.22305,-0.63795,9.76395
15.173,5534.989,-0.204,-0.61905,9.89805
15.191,5535.004,-0.16605,-0.657,9.95595
15.206,5535.021,-0.16605,-0.73395,9.89805
15.229,5535.036,-0.147,-0.69495,9.879
15.239,5535.052,-0.147,-0.69495,9.879
15.252,5535.068,-0.16605,-0.71505,9.879
15.267,5535.083,-0.16605,-0.71505,9.89805
15.284,5535.099,-0.16605,-0.71505,9.91695
15.299,5535.114,-0.16605,-0.71505,9.91695
15.315,5535.131,-0.18495,-0.73395,9.936
15.331,5535.147,-0.204,-0.753,9.91695
15.347,5535.163,-0.01305,-0.657,9.84105
15.363,5535.178,-0.18495,-0.77205,9.91695
15.379,5535.194,-0.12795,-0.73395,9.80205
15.396,5535.21,-0.16605,-0.79095,9.91695
15.409,5535.225,-0.16605,-0.753,9.879
15.426,5535.241,-0.18495,-0.753,9.879
15.441,5535.257,-0.12795,-0.753,9.95595
15.457,5535.273,-0.16605,-0.81,9.99405
15.473,5535.289,-0.16605,-0.81,9.936
15.489,5535.304,-0.18495,-0.77205,9.879
15.505,5535.32,-0.204,-0.77205,9.85995
15.521,5535.336,-0.16605,-0.67605,9.85995
15.537,5535.352,-0.147,-0.69495,9.85995
15.554,5535.367,-0.147,-0.73395,9.85995
15.568,5535.383,-0.108,-0.79095,9.91695
15.583,5535.399,-0.12795,-0.753,9.89805
15.6,5535.414,-0.204,-0.69495,9.70695
15.618,5535.43,-0.204,-0.69495,9.687
15.63,5535.446,-0.24195,-0.73395,9.89805
15.646,5535.462,-0.204,-0.77205,10.05105
15.662,5535.478,-0.24195,-0.753,10.128
15.678,5535.493,-0.16605,-0.753,10.032
15.694,5535.509,-0.12795,-0.77205,9.936
15.711,5535.525,-0.12795,-0.753,9.80205
15.725,5535.541,-0.16605,-0.77205,9.783
15.741,5535.556,-0.147,-0.81,9.85995
15.757,5535.572,-0.16605,-0.86805,9.879
15.772,5535.588,-0.16605,-0.906,9.936
15.788,5535.603,-0.26205,-0.86805,9.99405
15.805,5535.619,-0.26205,-0.86805,9.936
15.819,5535.634,-0.26205,-0.81,9.822
15.835,5535.651,-0.18495,-0.753,9.76395
15.851,5535.667,-0.22305,-0.73395,9.85995
15.867,5535.682,-0.16605,-0.69495,9.99405
15.885,5535.698,-0.22305,-0.61905,9.879
15.899,5535.714,-0.18495,-0.657,9.89805
15.914,5535.73,-0.18495,-0.67605,9.99405
15.929,5535.745,-0.24195,-0.73395,10.05105
15.946,5535.761,-0.22305,-0.77205,9.975
15.962,5535.777,-0.33795,-0.77205,9.74505
15.978,5535.793,-0.51,-0.657,9.534
15.993,5535.809,-0.31905,-0.561,9.59205
16.009,5535.824,-0.18495,-0.63795,9.687
16.024,5535.84,-0.22305,-0.61905,9.74505
16.039,5535.855,-0.31905,-0.561,9.85995
16.057,5535.872,-0.357,-0.657,10.10895
16.071,5535.887,-0.37605,-0.63795,10.09005
16.088,5535.903,-0.37605,-0.69495,10.01295
16.104,5535.919,-0.26205,-0.849,9.95595
16.119,5535.934,-0.357,-0.82905,9.687
16.134,5535.95,-0.26205,-0.67605,9.70695
16.151,5535.966,-0.26205,-0.77205,9.95595
16.167,5535.982,-0.12795,-0.69495,10.09005
16.182,5535.998,-0.26205,-0.54195,9.975
16.197,5536.013,-0.26205,-0.42705,9.76395
16.225,5536.029,-0.18495,-0.504,9.726
16.229,5536.044,-0.26205,-0.44595,9.64905
16.245,5536.061,-0.16605,-0.37005,9.61095
16.261,5536.076,-0.24195,-0.46605,9.783
16.277,5536.092,-0.22305,-0.6,10.20405
16.292,5536.108,-0.396,-0.61905,10.185
16.307,5536.123,-0.453,-0.46605,10.14705
16.324,5536.139,-0.49095,-0.504,10.10895
16.34,5536.154,-0.453,-0.6,9.975
16.356,5536.17,-0.37605,-0.58095,10.032
16.371,5536.187,-0.24195,-0.61905,9.879
16.387,5536.202,0.04395,-0.73395,9.822
16.403,5536.218,0.10095,-0.61905,9.63
16.418,5536.235,0.10095,-0.38895,9.40005
16.434,5536.25,0.23505,-0.37005,9.477
16.449,5536.265,0.27405,-0.52305,9.95595
16.466,5536.281,0.25395,-0.58095,10.20405
16.483,5536.297,0.19695,-0.29295,10.01295
16.497,5536.313,0.08205,-0.08295,9.70695
16.513,5536.328,0.13995,0.18405,9.477
16.528,5536.344,0.17805,0.39495,9.534
16.545,5536.36,0.02505,0.47205,9.687
16.559,5536.375,0.12,0.43305,10.09005
16.577,5536.392,0.063,0.33795,10.41495
16.592,5536.407,-0.07005,0.18405,10.66395
16.607,5536.423,-0.07005,0.08895,10.722
16.623,5536.439,-0.26205,0.14595,10.51095
16.64,5536.454,-0.28095,0.165,10.10895
16.655,5536.47,-0.051,0.108,9.64905
16.67,5536.486,0.04395,-0.04395,9.45795
16.687,5536.502,0.25395,0.14595,9.49605
16.702,5536.518,0.216,0.08895,9.573
16.718,5536.533,0.27405,0.12705,9.381
16.734,5536.549,0.19695,0.108,9.30405
16.749,5536.564,0.063,0.24195,9.24705
16.765,5536.581,0.02505,0.37605,9.285
16.781,5536.596,0.006,0.453,9.63
16.797,5536.612,0.10095,0.43305,9.91695
16.812,5536.628,0.10095,0.47205,10.128
16.828,5536.643,0.063,0.453,10.14705
16.846,5536.659,-0.051,0.51,9.89805
16.859,5536.674,-0.08895,0.68205,9.61095
16.877,5536.691,-0.16605,0.83595,9.64905
16.895,5536.707,-0.03195,0.72105,9.85995
16.907,5536.722,0.33105,0.73995,9.936
16.922,5536.738,0.369,0.52905,10.05105
16.939,5536.754,0.63705,0.39495,10.185
16.954,5536.77,0.69495,0.14595,10.224
16.969,5536.785,0.714,0.18405,9.936
16.986,5536.801,0.54195,0.29895,9.70695
17.004,5536.817,0.50295,0.37605,9.726
17.018,5536.833,0.42705,0.357,9.59205
17.033,5536.848,0.12,0.318,9.16995
17.048,5536.865,0.13995,-0.255,9.30405
17.065,5536.88,0.38895,-0.98295,10.473
17.079,5536.895,-0.07005,-1.059,11.487
17.096,5536.911,-0.33795,-0.92505,11.31495
17.112,5536.927,-0.41505,-0.906,10.51095
17.128,5536.943,-0.357,-0.79095,10.128
17.144,5536.959,-0.28095,-0.61905,10.434
17.159,5536.974,-0.03195,-0.58095,10.79805
17.175,5536.99,0.04395,-0.37005,10.89405
17.194,5537.006,0.063,-0.351,10.66395
17.218,5537.022,0.19695,-0.42705,10.60695
17.223,5537.037,0.006,-0.54195,10.626
17.238,5537.053,-0.147,-0.67605,10.51095
17.254,5537.069,-0.31905,-0.86805,10.45305
17.269,5537.084,-0.37605,-0.906,10.35795
17.285,5537.101,-0.549,-0.98295,10.01295
17.301,5537.116,-0.31905,-1.02105,9.85995
17.317,5537.132,-0.26205,-1.155,10.05105
17.332,5537.148,-0.357,-0.88695,9.76395
17.347,5537.163,-0.147,-0.77205,9.534
17.364,5537.179,-0.01305,-0.63795,9.40005
17.38,5537.195,0.08205,-0.46605,9.24705
17.395,5537.211,-0.051,-0.23595,9.228
17.411,5537.227,-0.08895,-0.38895,9.45795
17.427,5537.242,-0.01305,-0.44595,9.80205
17.442,5537.258,-0.22305,-0.67605,10.05105
17.459,5537.274,-0.28095,-0.94395,9.975
17.475,5537.29,-0.56805,-1.002,9.74505
17.489,5537.305,-0.759,-1.13595,9.66795
17.506,5537.321,-0.66405,-1.07805,9.43905
17.521,5537.337,-0.89295,-1.11705,9.228
17.537,5537.353,-0.798,-0.94395,8.94105
17.553,5537.368,-0.702,-0.82905,8.95995
17.568,5537.384,-0.62505,-0.67605,9.26595
17.584,5537.4,-0.66405,-0.408,9.95595
17.599,5537.415,-0.798,-0.198,10.45305
17.616,5537.431,-0.89295,-0.12105,10.79805
17.634,5537.447,-0.855,-0.04395,10.64505
17.648,5537.463,-0.93195,-0.13995,10.10895
17.663,5537.479,-0.798,-0.21705,9.61095
17.679,5537.495,-0.81705,-0.17805,9.34305
17.695,5537.51,-0.951,-0.04395,9.075
17.71,5537.526,-0.951,-0.17805,9.05595
17.727,5537.542,-0.702,-0.21705,9.11295
17.742,5537.557,-0.645,-0.17805,9.19005
17.758,5537.573,-0.51,-0.08295,9.132
17.774,5537.589,-0.31905,-0.04395,9.30405
17.789,5537.604,-0.108,-0.04395,9.64905
17.806,5537.62,-0.147,-0.02505,10.09005
17.82,5537.636,-0.204,0.03105,10.33905
17.836,5537.652,-0.357,0.165,10.56795
17.852,5537.668,-0.47205,0.12705,10.41495
17.868,5537.683,-0.49095,0.28005,9.936
17.884,5537.699,-0.16605,0.14595,9.59205
17.904,5537.714,-0.147,0.357,9.45795
17.915,5537.731,-0.07005,0.49095,9.30405
17.931,5537.746,-0.22305,0.62505,9.036
17.947,5537.762,-0.357,0.663,8.883
17.962,5537.778,-0.33795,0.54795,9.381
17.977,5537.793,-0.51,0.62505,9.936
17.995,5537.809,-0.645,0.663,10.39605
18.011,5537.824,-0.645,0.51,10.53
18.032,5537.841,-0.58695,0.43305,10.35795
18.043,5537.857,-0.66405,0.453,9.936
18.058,5537.873,-0.549,0.47205,9.477
18.076,5537.888,-0.31905,0.39495,9.285
18.088,5537.904,-0.396,0.49095,9.16995
18.106,5537.92,-0.41505,0.51,9.477
18.118,5537.935,-0.33795,0.49095,9.726
18.136,5537.951,-0.453,0.73995,9.95595
18.151,5537.967,-0.62505,0.98895,10.128
18.168,5537.983,-0.66405,0.93105,9.975
18.184,5537.999,-0.759,0.43305,10.06995
18.199,5538.014,-0.31905,-0.61905,11.00895
18.221,5538.03,-0.702,-0.86805,12.13905
18.23,5538.046,-0.68295,-1.212,13.09605
18.247,5538.062,-0.702,-1.461,13.077
18.262,5538.077,-0.702,-1.17405,11.65995
18.278,5538.093,-0.52995,-1.002,10.224
18.293,5538.109,-0.47205,-0.88695,9.324
18.308,5538.125,-0.58695,-0.63795,8.922
18.325,5538.14,-0.89295,-0.48495,8.95995
18.34,5538.156,-0.58695,-0.52305,9.51495
18.357,5538.172,-0.51,-0.94395,9.95595
18.372,5538.188,-0.108,-1.19295,9.76395
18.388,5538.203,-0.453,-1.098,9.05595
18.404,5538.219,-0.43395,-1.308,8.65305
18.423,5538.234,-0.3,-1.308,8.86395
18.439,5538.25,-0.49095,-1.48095,9.075
18.452,5538.266,-0.18495,-1.76805,9.228
18.467,5538.282,-0.01305,-1.86405,9.534
18.482,5538.298,0.063,-1.59495,9.783
18.497,5538.313,0.17805,-1.11705,9.783
18.514,5538.329,0.02505,-1.02105,9.63
18.534,5538.344,-0.16605,-0.94395,9.63
18.545,5538.361,-0.33795,-0.88695,10.09005
18.561,5538.377,-0.37605,-0.73395,10.70205
18.577,5538.392,-0.72105,-0.63795,10.875
18.593,5538.408,-0.33795,-0.312,10.45305
18.608,5538.424,-0.24195,-0.12105,10.10895
18.624,5538.44,-0.87405,-0.08295,9.381
18.639,5538.455,-0.56805,-0.006,9.09405
18.656,5538.471,-0.3,-0.255,9.45795
18.672,5538.487,-0.22305,-0.255,9.84105
18.688,5538.503,-0.08895,-0.17805,9.99405
18.703,5538.519,-0.03195,-0.23595,9.76395
18.72,5538.534,0.08205,-0.54195,9.59205
18.753,5538.55,0.04395,-0.48495,9.41895
18.755,5538.565,-0.16605,-0.21705,9.24705
18.766,5538.582,-0.26205,0.165,8.84505
18.782,5538.597,-0.3,0.29895,8.385
18.798,5538.613,-0.28095,0.28005,8.65305
18.813,5538.629,-0.31905,0.33795,9.84105
18.829,5538.644,-0.357,0.33795,10.683
18.845,5538.66,-0.28095,0.39495,10.89405
18.861,5538.676,-0.28095,0.47205,10.74105
18.877,5538.692,-0.31905,0.606,10.60695
18.899,5538.708,0.063,0.51,10.281
18.907,5538.723,0.02505,0.567,9.89805
18.924,5538.739,0.12,0.606,9.687
18.939,5538.754,0.312,0.606,9.59205
18.955,5538.771,0.29295,0.64395,9.228
18.971,5538.786,0.38895,0.68205,8.883
18.987,5538.802,0.52305,0.606,8.90205
19.004,5538.818,0.63705,0.43305,9.43905
19.018,5538.833,0.84795,0.261,10.26195
19.034,5538.849,0.84795,0.28005,10.836
19.051,5538.865,0.657,0.24195,11.124
19.067,5538.881,0.50295,0.08895,11.35305
19.081,5538.897,0.27405,0.108,11.41095
19.101,5538.912,-0.07005,0.261,11.085
19.113,5538.928,-0.16605,0.414,10.64505
19.129,5538.944,-0.47205,0.52905,9.783
19.144,5538.96,-0.357,0.12705,9.822
19.16,5538.975,-0.08895,0.012,10.587
19.176,5538.991,0.34995,-0.71505,11.90895
19.191,5539.007,0.312,-1.13595,12.387
19.207,5539.023,0.59895,-1.32705,12.29205
19.229,5539.038,0.50295,-1.11705,11.622
19.238,5539.054,0.48405,-0.88695,10.626
19.254,5539.07,0.465,-0.657,10.01295
19.269,5539.085,0.063,-0.33195,9.55305
19.286,5539.101,0.04395,-0.13995,9.26595
19.301,5539.117,0.10095,0.165,9.132
19.318,5539.133,-0.798,0.453,8.65305
19.333,5539.149,0.33105,-0.42705,9.05595
19.349,5539.165,0.714,-1.42305,9.41895
19.365,5539.18,0.82905,-1.97805,9.55305
19.38,5539.196,-0.03195,-1.67205,9.55305
19.399,5539.212,-1.02795,-1.308,9.59205
19.412,5539.228,-1.047,-1.806,9.783
19.428,5539.243,-1.12305,-2.112,9.783
19.444,5539.259,-1.14195,-2.01705,9.26595
19.459,5539.274,-0.98895,-1.93995,8.55795
19.475,5539.291,-0.89295,-1.61505,7.86795
19.49,5539.306,-0.77895,-1.27005,7.677
19.507,5539.322,-0.56805,-1.13595,8.19405
19.522,5539.338,-0.41505,-1.059,8.94105
19.538,5539.353,-0.24195,-1.059,9.85995
19.556,5539.37,-0.204,-0.98295,10.722
19.569,5539.384,-0.07005,-0.92505,11.25795
19.585,5539.401,-0.18495,-0.906,11.085
19.6,5539.417,-0.18495,-0.79095,10.377
19.617,5539.432,-0.3,-0.54195,9.687
19.633,5539.448,-0.453,-0.37005,9.228
19.652,5539.464,-0.47205,-0.38895,8.99805
19.664,5539.48,-0.549,-0.33195,8.95995
19.679,5539.495,-0.66405,-0.21705,9.34305
19.701,5539.511,-0.606,-0.38895,9.91695
19.711,5539.527,-0.47205,-0.48495,10.281
19.727,5539.543,-0.31905,-0.52305,10.75995
19.743,5539.558,-0.3,-0.37005,10.626
19.759,5539.574,-0.33795,-0.29295,9.99405
19.774,5539.59,-0.24195,-0.37005,9.49605
19.789,5539.605,-0.12795,-0.27405,9.49605
19.806,5539.621,0.006,-0.06405,9.66795
19.822,5539.637,0.13995,-0.04395,9.61095
19.838,5539.653,0.159,-0.006,9.477
19.853,5539.669,0.04395,0.14595,9.43905
19.869,5539.684,-0.08895,0.18405,9.30405
19.885,5539.7,-0.147,0.24195,8.99805
19.902,5539.716,-0.26205,0.261,8.84505
19.916,5539.732,-0.357,0.22305,8.979
19.932,5539.747,-0.453,0.04995,9.30405
19.948,5539.763,-0.549,0.07005,9.63
19.963,5539.779,-0.58695,0.22305,10.01295
19.98,5539.794,-0.58695,0.261,10.26195
19.995,5539.81,-0.47205,0.29895,10.20405
20.01,5539.826,-0.41505,0.261,10.31895
20.027,5539.842,-0.51,0.318,10.49205
20.043,5539.858,-0.43395,0.39495,10.60695
20.058,5539.873,-0.33795,0.51,10.74105
20.074,5539.889,-0.24195,0.567,10.626
20.089,5539.905,-0.204,0.663,10.377
20.105,5539.921,-0.22305,0.663,10.185
20.121,5539.937,0.063,0.759,10.31895
20.137,5539.952,0.10095,1.08405,9.95595
20.152,5539.968,0.23505,0.49095,10.30005
20.169,5539.984,0.006,-0.23595,11.526
20.184,5540,-0.12795,-0.67605,12.426
20.2,5540.015,-0.49095,-1.098,12.29205
20.226,5540.031,-0.68295,-1.42305,11.736
20.239,5540.047,-0.759,-1.212,10.99005
20.247,5540.063,-0.855,-0.849,9.936
20.263,5540.078,-0.73995,-0.504,9.05595
20.279,5540.094,-0.855,-0.12105,8.69205
20.294,5540.11,-0.855,0.04995,8.80695
20.309,5540.125,-0.66405,-0.102,9.19005
20.328,5540.141,-0.549,-0.21705,9.74505
20.341,5540.157,0.02505,-0.906,10.49205
20.357,5540.173,-0.01305,-1.212,10.64505
20.373,5540.189,0.29295,-1.34595,10.377
20.389,5540.205,0.465,-1.59495,9.51495
20.405,5540.22,0.59895,-1.69095,8.55795
20.42,5540.236,0.618,-1.61505,7.94505
20.437,5540.252,0.561,-1.5,7.65795
20.452,5540.267,0.79095,-1.53795,7.94505
20.468,5540.283,0.92505,-1.57605,9.05595
20.483,5540.299,0.79095,-1.44195,10.33905
20.499,5540.314,0.561,-1.38495,11.487
20.515,5540.33,0.312,-1.155,11.622
20.53,5540.346,0.006,-0.82905,11.028
20.546,5540.362,-0.16605,-0.46605,10.185
20.562,5540.378,-0.33795,-0.13995,9.85995
20.578,5540.393,-0.41505,0.012,9.74505
20.593,5540.409,-0.28095,0.14595,9.63
20.609,5540.425,-0.37605,0.03105,9.66795
20.627,5540.441,-0.03195,-0.04395,9.41895
20.641,5540.456,0.12,-0.33195,9.36195
20.658,5540.472,0.12,-0.42705,9.41895
20.673,5540.488,0.25395,-0.58095,9.687
20.689,5540.503,0.063,-0.48495,9.822
20.704,5540.519,0.006,-0.37005,9.85995
20.719,5540.534,0.006,-0.351,9.95595
20.737,5540.551,-0.03195,-0.312,9.85995
20.751,5540.567,0.006,-0.408,9.45795
20.767,5540.582,-0.01305,-0.48495,9.24705
20.783,5540.598,-0.357,-0.561,9.24705
20.8,5540.614,-0.58695,-0.312,9.45795
20.815,5540.63,-0.702,-0.12105,9.66795
20.83,5540.645,-0.51,-0.08295,9.89805
20.846,5540.661,-0.26205,-0.102,9.80205
20.861,5540.677,-0.08895,-0.08295,9.783
20.878,5540.693,0.02505,-0.04395,9.89805
20.893,5540.709,0.04395,-0.06405,9.80205
20.909,5540.724,0.12,0.29895,9.80205
20.925,5540.74,-0.12795,0.33795,9.687
20.939,5540.755,-0.01305,0.12705,9.726
20.957,5540.772,-0.03195,-0.02505,9.85995
20.973,5540.787,0.08205,0.39495,10.05105
20.988,5540.803,0.12,0.49095,10.281
21.003,5540.819,0.17805,0.51,10.10895
21.019,5540.834,0.04395,0.68205,9.59205
21.035,5540.85,0.408,0.62505,9.59205
21.05,5540.866,0.84795,0.357,10.53
21.067,5540.882,0.867,0.49095,11.25795
21.082,5540.898,0.38895,0.22305,11.16195
21.098,5540.913,0.312,0.51,10.224
21.113,5540.929,0.867,-0.04395,9.80205
21.129,5540.944,1.518,-0.753,10.26195
21.145,5540.961,1.365,-0.82905,10.99005
21.161,5540.976,0.906,-0.96405,11.46795
21.177,5540.992,0.465,-1.28895,11.54505
21.192,5541.008,0.618,-0.98295,11.373
21.221,5541.023,-0.07005,-0.504,11.14305
21.224,5541.039,0.19695,0.39495,11.31495
21.245,5541.054,-0.26205,0.606,10.99005
21.257,5541.071,-0.01305,0.52905,10.01295
21.271,5541.087,-0.31905,0.22305,10.51095
21.287,5541.102,0.08205,-0.48495,10.91295
21.303,5541.118,0.29295,-1.32705,10.45305
21.318,5541.134,0.54195,-1.69095,9.74505
21.334,5541.15,0.23505,-1.69095,9.132
21.35,5541.165,0.10095,-1.44195,8.922
21.366,5541.181,0.063,-1.13595,8.84505
21.381,5541.197,0.10095,-1.02105,8.673
21.398,5541.213,0.29295,-1.155,8.02095
21.412,5541.228,0.52305,-1.34595,7.36995
21.429,5541.244,0.79095,-1.5,7.40895
21.444,5541.26,0.79095,-1.308,8.175
21.459,5541.275,0.312,-1.23195,9.036
21.476,5541.291,-0.07005,-0.906,9.573
21.491,5541.307,-0.16605,-0.82905,10.05105
21.507,5541.323,-0.31905,-0.504,10.032
21.523,5541.339,-0.147,-0.351,9.975
21.538,5541.354,0.04395,-0.23595,9.85995
21.555,5541.37,0.23505,-0.61905,9.936
21.571,5541.385,0.48405,-1.155,10.14705
21.587,5541.402,0.63705,-1.61505,10.53
21.602,5541.417,0.44595,-1.53795,10.99005
21.617,5541.433,0.25395,-1.155,11.373
21.635,5541.45,-0.31905,-0.44595,11.085
21.649,5541.465,-0.89295,0.33795,10.09005
21.665,5541.481,-1.14195,0.912,8.979
21.68,5541.496,-0.759,1.008,8.44305
21.697,5541.512,-0.26205,0.759,8.90205
21.712,5541.528,0.12,0.24195,9.84105
21.729,5541.543,0.42705,-0.351,10.587
21.744,5541.559,0.69495,-0.54195,10.779
21.76,5541.574,0.58005,-0.61905,10.587
21.776,5541.591,0.84795,-0.504,9.936
21.791,5541.607,0.561,-0.61905,9.41895
21.807,5541.622,0.29295,0.14595,9.324
21.822,5541.638,-0.28095,0.663,9.477
21.839,5541.654,-0.702,0.68205,9.45795
21.854,5541.67,-0.3,0.165,9.783
21.87,5541.685,0.19695,-0.504,10.51095
21.887,5541.701,0.58005,-0.849,10.66395
21.905,5541.717,1.00095,-0.79095,10.14705
21.923,5541.733,1.19295,-0.29295,9.16995
21.933,5541.748,1.02,0.318,8.424
21.949,5541.764,0.63705,0.47205,8.385
21.966,5541.78,0.17805,0.64395,8.95995
21.979,5541.795,-0.453,0.62505,9.63
21.996,5541.811,-1.12305,0.606,10.01295
22.012,5541.827,-1.296,0.72105,10.33905
22.027,5541.843,-1.104,0.759,10.66395
22.043,5541.859,-0.66405,0.567,10.626
22.058,5541.874,-0.051,0.22305,10.032
22.075,5541.89,0.618,0.12705,9.49605
22.091,5541.906,0.82905,0.37605,9.36195
22.107,5541.922,0.48405,0.83595,9.43905
22.121,5541.937,0.25395,1.218,9.726
22.138,5541.953,0.38895,1.12305,10.05105
22.153,5541.969,0.54195,0.606,10.281
22.17,5541.984,0.92505,0.39495,10.434
22.186,5542,0.44595,0.318,10.56795
22.201,5542.016,0.27405,1.14195,10.56795
22.22,5542.032,-0.62505,1.58205,10.30005
22.239,5542.048,-0.73995,1.84995,9.85995
22.248,5542.063,-0.37605,1.77405,9.45795
22.264,5542.079,0.44595,0.39495,10.10895
22.279,5542.094,0.81,-0.657,11.085
22.295,5542.111,0.963,-0.94395,11.75595
22.31,5542.126,0.67605,-0.52305,11.679
22.327,5542.142,0.33105,0.12705,10.875
22.342,5542.158,-0.08895,0.49095,9.63
22.357,5542.173,0.13995,0.70095,8.73
22.374,5542.19,0.42705,0.414,8.634
22.389,5542.205,0.58005,0.108,9.477
22.411,5542.221,0.59895,-0.12105,10.49205
22.421,5542.237,0.408,-0.44595,11.085
22.438,5542.253,0.63705,-0.61905,11.373
22.453,5542.268,0.465,-0.63795,11.085
22.469,5542.284,0.159,-0.37005,10.16595
22.484,5542.3,0.08205,-0.13995,9.09405
22.499,5542.315,0.44595,-0.21705,8.61495
22.516,5542.331,1.116,-0.81,8.76795
22.534,5542.347,1.63305,-1.34595,9.20895
22.548,5542.363,1.767,-1.61505,9.30405
22.563,5542.379,1.40295,-1.53795,9.11295
22.579,5542.394,1.269,-1.251,8.883
22.595,5542.41,1.09695,-1.002,8.84505
22.611,5542.426,0.618,-0.561,8.883
22.628,5542.442,0.19695,-0.08295,9.19005
22.642,5542.457,0.12,0.24195,9.63
22.658,5542.473,0.33105,0.07005,10.10895
22.673,5542.489,0.59895,-0.29295,10.281
22.689,5542.505,0.714,-0.52305,10.24305
22.705,5542.52,0.657,-0.52305,10.10895
22.72,5542.536,0.48405,-0.27405,10.06995
22.75,5542.552,0.408,-0.02505,10.06995
22.752,5542.568,0.38895,0.03105,9.95595
22.768,5542.583,0.44595,0.108,9.74505
22.785,5542.6,0.38895,0.28005,9.30405
22.799,5542.614,0.408,0.39495,9.01695
22.815,5542.631,0.38895,0.414,9.15105
22.831,5542.646,0.42705,0.318,9.61095
22.848,5542.662,0.44595,0.14595,10.032
22.863,5542.678,0.33105,0.261,10.24305
22.878,5542.693,0.23505,0.357,10.185
22.894,5542.709,0.25395,0.453,9.89805
22.91,5542.724,0.465,0.47205,9.51495
22.925,5542.741,0.67605,0.318,9.45795
22.941,5542.757,0.67605,0.24195,9.61095
22.957,5542.773,0.63705,0.33795,9.80205
22.973,5542.788,0.44595,0.453,9.91695
22.988,5542.804,0.38895,0.58695,9.84105
23.004,5542.82,0.23505,0.816,9.76395
23.02,5542.835,0.10095,0.93105,9.85995
23.036,5542.851,0.216,0.759,10.24305
23.052,5542.867,0.52305,0.357,10.434
23.068,5542.883,0.98205,0.04995,10.33905
23.083,5542.899,1.059,-0.12105,9.936
23.099,5542.914,1.07805,-0.12105,9.45795
23.114,5542.93,0.906,-0.04395,9.16995
23.13,5542.946,0.75195,0.03105,9.285
23.147,5542.962,0.369,0.318,9.64905
23.162,5542.977,-0.01305,0.68205,9.975
23.178,5542.993,-0.24195,0.97005,10.16595
23.194,5543.009,0.02505,0.94995,10.10895
23.212,5543.025,0.33105,0.816,9.99405
23.225,5543.04,0.50295,0.77805,10.06995
23.24,5543.056,0.50295,1.02705,10.31895
23.257,5543.072,0.25395,1.48695,10.30005
23.272,5543.088,0.17805,1.02705,10.41495
23.288,5543.103,0.75195,-0.408,11.14305
23.303,5543.119,1.71,-1.69095,12.081
23.319,5543.134,2.03505,-2.59095,12.94305
23.335,5543.151,1.863,-2.66805,13.326
23.351,5543.166,1.059,-1.82505,12.522
23.368,5543.182,-0.22305,-0.46605,10.96995
23.383,5543.198,-1.31505,0.47205,9.74505
23.399,5543.213,-1.63995,0.73995,9.26595
23.417,5543.23,-1.2,0.37605,9.228
23.43,5543.244,-0.62505,-0.33195,9.40005
23.445,5543.261,-0.16605,-1.07805,9.64905
23.461,5543.277,0.216,-1.557,9.91695
23.477,5543.293,0.216,-1.653,10.128
23.495,5543.308,0.063,-1.44195,10.05105
23.509,5543.324,-0.3,-1.17405,9.51495
23.524,5543.34,-0.31905,-1.11705,8.94105
23.539,5543.355,-0.08895,-1.42305,8.673
23.555,5543.371,0.13995,-1.653,8.61495
23.571,5543.387,0.216,-1.69095,8.50005
23.587,5543.403,0.063,-1.53795,8.29005
23.603,5543.419,-0.051,-1.308,8.15595
23.619,5543.434,-0.051,-1.212,8.30895
23.634,5543.45,-0.051,-1.03995,8.59605
23.649,5543.465,-0.18495,-0.69495,8.922
23.667,5543.482,-0.22305,-0.6,9.26595
23.682,5543.497,-0.07005,-0.63795,9.63
23.698,5543.513,-0.08895,-0.79095,9.99405
23.719,5543.529,-0.147,-0.88695,10.56795
23.73,5543.544,-0.31905,-0.96405,11.20005
23.744,5543.56,-0.33795,-0.92505,11.583
23.761,5543.576,-0.31905,-0.657,11.50695
23.777,5543.592,-0.22305,-0.408,10.74105
23.794,5543.608,0.006,-0.33195,9.66795
23.808,5543.623,0.34995,-0.37005,9.09405
23.823,5543.639,0.465,-0.21705,9.16995
23.84,5543.654,0.19695,0.04995,9.64905
23.855,5543.671,0.08205,0.22305,10.032
23.871,5543.686,0.19695,0.03105,10.128
23.887,5543.702,0.38895,-0.23595,10.01295
23.911,5543.718,0.54195,-0.29295,9.879
23.918,5543.733,0.58005,-0.159,9.74505
23.934,5543.749,0.50295,0.204,9.59205
23.952,5543.764,0.408,0.29895,9.573
23.966,5543.781,0.54195,0.18405,9.687
23.981,5543.797,0.465,-0.006,9.822
23.997,5543.813,0.369,0.108,9.85995
24.013,5543.828,0.10095,0.318,9.91695
24.029,5543.844,-0.12795,0.43305,9.936
24.045,5543.861,-0.204,0.453,10.06995
24.059,5543.875,-0.051,0.33795,10.24305
24.076,5543.891,0.08205,0.07005,10.20405
24.092,5543.907,0.23505,-0.04395,9.822
24.109,5543.923,0.27405,-0.12105,9.41895
24.123,5543.939,0.159,-0.02505,9.09405
24.139,5543.954,0.063,0.204,9.036
24.155,5543.97,-0.18495,0.37605,9.16995
24.17,5543.986,-0.453,0.54795,9.20895
24.186,5544.002,-0.606,0.70095,9.36195
24.202,5544.017,-0.41505,0.68205,9.534
24.226,5544.033,-0.07005,0.453,9.726
24.233,5544.049,0.10095,0.37605,9.822
24.249,5544.064,0.216,0.37605,9.89805
24.265,5544.08,0.34995,0.39495,10.05105
24.281,5544.096,0.38895,0.37605,10.31895
24.297,5544.112,0.23505,0.43305,10.26195
24.312,5544.128,0.13995,0.759,9.91695
24.328,5544.143,0.12,1.18005,9.43905
24.343,5544.159,0.44595,0.93105,9.05595
24.36,5544.174,1.059,-0.351,9.726
24.375,5544.191,0.79095,-0.98295,11.00895
24.391,5544.206,0.12,-0.67605,12.10005
24.407,5544.222,-0.606,-0.27405,13.00005
24.425,5544.238,-0.98895,-0.102,13.45995
24.438,5544.253,-1.12305,0.04995,12.885
24.454,5544.269,-1.14195,0.28005,11.16195
24.47,5544.284,-1.14195,0.47205,9.61095
24.495,5544.301,-0.93195,0.64395,8.74905
24.501,5544.317,-0.56805,0.52905,8.50005
24.517,5544.332,-0.22305,0.204,8.65305
24.533,5544.348,0.42705,-0.504,8.76795
24.549,5544.364,1.13505,-1.17405,8.826
24.564,5544.38,1.42305,-1.5,8.90205
24.58,5544.395,1.17405,-1.36605,9.05595
24.596,5544.411,0.58005,-0.88695,9.34305
24.611,5544.427,0.006,-0.44595,9.726
24.628,5544.443,-0.3,-0.37005,10.224
24.643,5544.459,-0.204,-0.61905,10.49205
24.66,5544.475,0.08205,-1.07805,10.31895
24.678,5544.49,0.465,-1.308,9.783
24.689,5544.505,0.52305,-1.19295,9.74505
24.706,5544.522,0.58005,-0.94395,9.66795
24.721,5544.537,0.50295,-0.69495,9.30405
24.738,5544.553,0.33105,-0.38895,9.36195
24.756,5544.569,0.006,-0.17805,9.783
24.769,5544.584,-0.08895,-0.04395,10.09005
24.785,5544.6,0.02505,-0.255,10.45305
24.8,5544.616,0.02505,-0.21705,10.836
24.817,5544.632,-0.01305,-0.06405,10.66395
24.832,5544.648,0.159,0.03105,9.879
24.848,5544.663,0.42705,-0.006,9.30405
24.864,5544.679,0.657,-0.102,9.132
24.879,5544.694,0.69495,-0.12105,9.34305
24.895,5544.711,0.42705,-0.04395,9.89805
24.916,5544.726,0.34995,-0.04395,10.06995
24.927,5544.742,0.33105,-0.08295,9.879
24.942,5544.758,0.29295,-0.159,9.76395
24.958,5544.773,0.27405,-0.27405,9.822
24.974,5544.789,0.19695,-0.38895,10.032
24.99,5544.804,0.10095,-0.33195,10.16595
25.006,5544.821,-0.03195,-0.198,10.24305
25.027,5544.837,-0.108,-0.04395,10.128
25.037,5544.852,-0.108,0.04995,9.99405
25.055,5544.868,0.006,0.03105,9.66795
25.069,5544.884,0.12,-0.006,9.477
25.085,5544.9,0.13995,-0.04395,9.573
25.099,5544.915,0.159,-0.102,9.76395
25.116,5544.931,0.25395,-0.13995,9.89805
25.131,5544.947,0.408,-0.17805,9.936
25.148,5544.963,0.52305,-0.33195,9.89805
25.163,5544.979,0.561,-0.48495,9.89805
25.179,5544.994,0.50295,-0.504,9.975
25.194,5545.01,0.29295,-0.23595,10.06995
25.221,5545.025,0.04395,0.04995,10.10895
25.226,5545.042,0.12,0.14595,10.032
25.241,5545.057,0.42705,-0.02505,9.85995
25.257,5545.073,0.59895,-0.17805,9.726
25.273,5545.089,0.75195,-0.17805,9.726
25.289,5545.104,0.73305,-0.13995,9.89805
25.305,5545.12,0.67605,-0.12105,10.10895
25.32,5545.136,0.465,-0.102,10.185
25.337,5545.152,0.44595,0.04995,10.10895
25.352,5545.168,0.42705,-0.02505,9.85995
25.369,5545.183,0.561,-0.02505,9.49605
25.385,5545.199,0.52305,0.03105,9.51495
25.398,5545.214,0.33105,0.165,9.783
25.434,5545.231,0.12,0.24195,10.06995
25.436,5545.246,0.08205,0.12705,10.31895
25.447,5545.262,0.12,-0.12105,10.66395
25.462,5545.278,0.159,-0.29295,10.722
25.477,5545.293,0.29295,-0.44595,10.39605
25.494,5545.309,0.23505,-0.54195,10.06995
25.509,5545.324,0.08205,-0.255,9.76395
25.525,5545.341,-0.18495,0.07005,9.534
25.541,5545.357,-0.07005,0.18405,9.573
25.558,5545.372,0.27405,-0.006,9.59205
25.572,5545.388,0.618,-0.27405,9.726
25.589,5545.404,0.81,-0.52305,9.89805
25.604,5545.42,0.67605,-0.561,9.95595
25.62,5545.435,0.408,-0.46605,10.10895
25.636,5545.451,0.159,-0.312,9.975
25.652,5545.467,0.12,-0.33195,9.89805
25.667,5545.483,0.13995,-0.44595,9.84105
25.683,5545.498,0.159,-0.61905,9.822
25.7,5545.514,0.17805,-0.79095,9.74505
25.714,5545.53,0.02505,-0.82905,9.822
25.73,5545.545,-0.24195,-0.73395,9.936
25.746,5545.561,-0.453,-0.504,9.936
25.762,5545.577,-0.606,-0.351,9.43905
25.778,5545.593,-0.58695,-0.312,9.16995
25.794,5545.609,-0.396,-0.29295,9.381
25.809,5545.624,-0.108,-0.67605,9.91695
25.825,5545.64,0.34995,-1.059,10.39605
25.841,5545.656,0.44595,-1.02105,10.41495
25.857,5545.672,0.29295,-0.94395,10.281
25.872,5545.687,0.216,-0.92505,10.032
25.888,5545.703,0.10095,-0.94395,9.783
25.903,5545.719,0.006,-0.906,9.43905
25.92,5545.735,-0.03195,-0.906,9.16995
25.934,5545.75,-0.108,-0.86805,9.20895
25.951,5545.766,-0.26205,-0.906,9.66795
25.967,5545.782,-0.24195,-0.906,10.05105
25.982,5545.798,-0.26205,-0.849,10.05105
25.997,5545.813,-0.33795,-0.6,9.84105
26.014,5545.829,-0.31905,-0.48495,9.76395
26.036,5545.844,-0.16605,-0.54195,9.84105
26.045,5545.861,0.006,-0.561,9.84105
26.061,5545.877,-0.08895,-0.44595,9.822
26.077,5545.892,-0.24195,-0.255,9.89805
26.093,5545.908,-0.24195,-0.23595,10.185
26.109,5545.924,-0.08895,-0.37005,10.434
26.124,5545.94,0.02505,-0.561,10.54905
26.139,5545.955,0.02505,-0.6,10.587
26.156,5545.971,-0.03195,-0.61905,10.377
26.171,5545.987,-0.108,-0.63795,9.99405
26.187,5546.003,-0.08895,-0.69495,9.74505
26.219,5546.018,-0.01305,-0.71505,9.66795
26.22,5546.034,0.02505,-0.69495,9.70695
26.235,5546.05,0.006,-0.58095,9.70695
26.249,5546.066,0.006,-0.46605,9.59205
26.266,5546.081,-0.01305,-0.38895,9.43905
26.284,5546.097,0.063,-0.42705,9.45795
26.299,5546.113,0.13995,-0.42705,9.822
26.315,5546.129,0.006,-0.27405,10.31895
26.329,5546.144,-0.01305,-0.255,10.53
26.345,5546.16,0.02505,-0.38895,10.626
26.36,5546.176,0.19695,-0.561,10.60695
26.377,5546.192,0.27405,-0.753,10.35795
26.392,5546.207,0.17805,-0.71505,9.936
26.411,5546.223,-0.03195,-0.52305,9.64905
26.425,5546.239,-0.147,-0.42705,9.573
26.439,5546.254,-0.18495,-0.42705,9.61095
26.455,5546.27,-0.12795,-0.504,9.573
26.471,5546.286,0.02505,-0.63795,9.49605
26.487,5546.302,0.006,-0.657,9.51495
26.502,5546.318,0.04395,-0.52305,9.61095
26.518,5546.333,0.04395,-0.44595,9.63
26.534,5546.349,0.27405,-0.58095,9.74505
26.55,5546.364,0.465,-0.73395,10.01295
26.565,5546.38,0.48405,-0.753,10.14705
26.581,5546.396,0.50295,-0.657,10.20405
26.599,5546.412,0.58005,-0.69495,10.128
26.614,5546.428,0.58005,-0.69495,10.185
26.628,5546.443,0.50295,-0.61905,10.377
26.644,5546.459,0.408,-0.561,10.45305
26.658,5546.474,0.312,-0.52305,10.20405
26.675,5546.491,0.29295,-0.44595,9.726
26.691,5546.507,0.25395,-0.42705,9.285
26.707,5546.522,0.29295,-0.48495,9.11295
26.723,5546.538,0.216,-0.504,9.26595
26.738,5546.555,0.10095,-0.42705,9.63
26.754,5546.57,0.063,-0.38895,9.91695
26.768,5546.585,0.17805,-0.52305,10.10895
26.813,5546.601,0.159,-0.54195,10.31895
26.817,5546.617,-0.051,-0.408,10.53
26.818,5546.633,-0.108,-0.408,10.434
26.833,5546.649,-0.03195,-0.44595,10.05105
26.848,5546.664,0.006,-0.351,9.80205
26.865,5546.68,0.04395,-0.29295,9.66795
26.879,5546.696,0.12,-0.29295,9.61095
26.897,5546.712,0.13995,-0.29295,9.687
26.913,5546.727,0.17805,-0.312,9.89805
26.929,5546.743,0.17805,-0.38895,9.99405
26.943,5546.759,0.25395,-0.561,10.032
26.959,5546.774,0.312,-0.61905,9.879
26.975,5546.79,0.27405,-0.561,9.76395
26.991,5546.805,0.19695,-0.504,9.85995
27.007,5546.822,0.19695,-0.48495,9.936
27.022,5546.838,0.19695,-0.504,10.05105
27.038,5546.853,0.23505,-0.52305,10.14705
27.053,5546.869,0.27405,-0.54195,10.16595
27.075,5546.884,0.33105,-0.54195,10.032
27.085,5546.901,0.38895,-0.504,9.74505
27.101,5546.916,0.29295,-0.42705,9.51495
27.118,5546.932,0.25395,-0.38895,9.49605
27.132,5546.948,0.159,-0.48495,9.59205
27.147,5546.963,0.23505,-0.37005,9.74505
27.164,5546.979,0.159,-0.46605,9.85995
27.179,5546.994,0.25395,-0.52305,9.89805
27.194,5547.01,0.19695,-0.54195,9.975
27.215,5547.027,0.063,-0.52305,9.936
27.23,5547.042,0.006,-0.52305,9.89805
27.242,5547.058,-0.051,-0.561,9.936
27.259,5547.074,-0.12795,-0.58095,9.936
27.273,5547.09,-0.108,-0.52305,9.936
27.29,5547.105,-0.147,-0.44595,10.01295
27.305,5547.121,-0.07005,-0.408,10.05105
27.321,5547.137,0.08205,-0.46605,9.975
27.337,5547.153,0.159,-0.48495,9.85995
27.353,5547.168,0.17805,-0.44595,9.822
27.368,5547.184,0.19695,-0.38895,9.74505
27.385,5547.2,0.23505,-0.38895,9.726
27.398,5547.215,0.25395,-0.46605,9.822
27.416,5547.231,0.29295,-0.561,9.95595
27.432,5547.247,0.19695,-0.54195,10.09005
27.449,5547.263,0.08205,-0.46605,10.09005
27.465,5547.279,0.006,-0.504,10.14705
27.479,5547.294,0.08205,-0.561,10.032
27.495,5547.31,0.063,-0.58095,9.95595
27.509,5547.326,0.04395,-0.54195,9.89805
27.526,5547.342,0.063,-0.504,9.89805
27.542,5547.357,0.063,-0.48495,9.91695
27.559,5547.373,0.063,-0.44595,9.91695
27.577,5547.389,0.12,-0.44595,9.84105
27.591,5547.404,0.216,-0.48495,9.74505
27.605,5547.42,0.216,-0.46605,9.726
27.621,5547.436,0.17805,-0.42705,9.66795
27.637,5547.452,0.063,-0.44595,9.85995
27.652,5547.468,0.04395,-0.504,10.128
27.668,5547.483,0.04395,-0.561,10.20405
27.683,5547.499,0.006,-0.504,10.14705
27.7,5547.514,-0.051,-0.46605,9.975
27.716,5547.53,0.006,-0.48495,9.936
27.731,5547.546,0.02505,-0.54195,9.89805
27.749,5547.562,0.08205,-0.52305,9.85995
27.763,5547.578,0.10095,-0.46605,9.822
27.778,5547.593,0.08205,-0.408,9.80205
27.794,5547.61,0.04395,-0.33195,9.84105
27.809,5547.624,0.04395,-0.312,9.84105
27.826,5547.64,0.12,-0.42705,9.95595
27.841,5547.657,0.17805,-0.504,10.032
27.857,5547.673,0.006,-0.46605,9.91695
27.874,5547.688,-0.07005,-0.38895,9.822
27.89,5547.704,-0.03195,-0.42705,9.80205
27.904,5547.72,0.02505,-0.48495,9.84105
27.92,5547.735,0.04395,-0.504,9.89805
27.936,5547.751,0.006,-0.408,9.99405
27.952,5547.767,0.02505,-0.351,10.09005
27.968,5547.783,0.04395,-0.42705,10.06995
27.983,5547.799,0.12,-0.46605,10.01295
27.999,5547.814,0.159,-0.46605,9.89805
28.014,5547.83,0.10095,-0.351,9.74505
28.029,5547.845,0.08205,-0.351,9.687
28.047,5547.862,0.10095,-0.42705,9.76395
28.062,5547.877,0.159,-0.44595,9.85995
28.077,5547.893,0.04395,-0.44595,9.89805
28.093,5547.909,-0.01305,-0.37005,9.85995
28.109,5547.924,-0.051,-0.33195,9.879
28.124,5547.94,-0.03195,-0.44595,9.95595
28.141,5547.955,0.02505,-0.504,9.99405
28.157,5547.972,0.02505,-0.46605,9.84105
28.172,5547.988,-0.07005,-0.37005,9.70695
28.188,5548.003,-0.108,-0.255,9.783
28.206,5548.019,-0.051,-0.255,10.05105
28.226,5548.035,0.063,-0.351,10.20405
28.235,5548.051,0.12,-0.44595,10.10895
28.251,5548.066,0.063,-0.42705,9.89805
28.267,5548.082,-0.01305,-0.37005,9.74505
28.283,5548.098,-0.03195,-0.351,9.76395
28.298,5548.113,-0.03195,-0.408,9.91695
28.314,5548.129,-0.03195,-0.42705,10.05105
28.329,5548.144,0.006,-0.44595,10.01295
28.346,5548.161,0.04395,-0.504,10.05105
28.361,5548.177,0.04395,-0.52305,10.032
28.381,5548.192,0.02505,-0.46605,9.80205
28.392,5548.208,-0.01305,-0.38895,9.70695
28.409,5548.224,-0.01305,-0.33195,9.70695
28.424,5548.24,0.063,-0.38895,9.783
28.439,5548.255,0.12,-0.408,9.85995
28.456,5548.271,0.12,-0.408,9.936
28.471,5548.287,0.02505,-0.37005,10.01295
28.489,5548.303,-0.01305,-0.351,10.01295
28.503,5548.318,0.006,-0.504,10.10895
28.519,5548.334,0.063,-0.54195,10.06995
28.54,5548.35,-0.108,-0.48495,9.84105
28.549,5548.365,-0.12795,-0.42705,9.61095
28.567,5548.381,-0.03195,-0.504,9.63
28.582,5548.397,0.063,-0.6,9.70695
28.598,5548.413,0.08205,-0.58095,9.879
28.613,5548.429,-0.01305,-0.42705,10.01295
28.629,5548.445,-0.108,-0.312,10.05105
28.645,5548.46,-0.01305,-0.351,10.032
28.661,5548.476,0.12,-0.408,9.879
28.676,5548.492,0.10095,-0.44595,9.76395
28.692,5548.508,0.02505,-0.42705,9.74505
28.716,5548.523,-0.03195,-0.44595,9.85995
28.724,5548.539,-0.07005,-0.44595,9.95595
28.766,5548.554,-0.147,-0.42705,9.91695
28.767,5548.571,-0.24195,-0.408,9.84105
28.769,5548.586,-0.24195,-0.38895,9.91695
28.787,5548.602,-0.147,-0.46605,9.99405
28.802,5548.618,-0.051,-0.54195,10.06995
28.818,5548.633,0.006,-0.561,10.032
28.837,5548.65,0.006,-0.46605,9.89805
28.849,5548.664,0.02505,-0.408,9.80205
28.866,5548.681,0.006,-0.46605,9.879
28.881,5548.697,0.063,-0.44595,9.99405
28.897,5548.712,0.04395,-0.46605,10.05105
28.912,5548.728,0.063,-0.504,10.032
28.929,5548.744,0.08205,-0.54195,9.89805
28.944,5548.76,0.063,-0.561,9.822
28.959,5548.775,-0.01305,-0.54195,9.879
28.976,5548.791,-0.08895,-0.46605,10.01295
28.991,5548.807,-0.07005,-0.408,9.879
29.007,5548.823,-0.01305,-0.37005,9.783
29.023,5548.838,-0.01305,-0.42705,9.66795
29.04,5548.854,-0.03195,-0.37005,9.70695
29.054,5548.87,-0.07005,-0.408,9.85995
29.07,5548.885,-0.07005,-0.38895,10.06995
29.088,5548.901,-0.08895,-0.44595,10.09005
29.102,5548.917,-0.051,-0.44595,9.95595
29.118,5548.933,-0.08895,-0.48495,9.89805
29.134,5548.949,-0.03195,-0.48495,9.95595
29.151,5548.965,-0.03195,-0.48495,9.99405
29.165,5548.98,-0.01305,-0.42705,9.95595
29.181,5548.996,0.04395,-0.42705,9.95595
29.197,5549.012,0.12,-0.54195,10.01295
29.218,5549.027,0.13995,-0.6,10.06995
29.227,5549.043,0.08205,-0.54195,10.05105
29.244,5549.059,0.02505,-0.504,9.91695
29.259,5549.074,0.006,-0.46605,9.687
29.275,5549.09,0.006,-0.504,9.55305
29.29,5549.106,0.006,-0.46605,9.573
29.307,5549.122,0.08205,-0.408,9.76395
29.322,5549.138,-0.08895,-0.52305,9.89805
29.338,5549.153,0.006,-0.44595,9.91695
29.354,5549.169,-0.03195,-0.44595,9.879
29.369,5549.184,0.02505,-0.46605,9.85995
29.385,5549.201,0.02505,-0.504,9.89805
29.401,5549.217,0.04395,-0.46605,9.95595
29.42,5549.232,-0.051,-0.504,9.99405
29.433,5549.248,-0.07005,-0.52305,9.95595
29.447,5549.263,-0.051,-0.504,9.975
29.464,5549.279,-0.01305,-0.504,9.936
29.479,5549.294,0.02505,-0.54195,9.936
29.495,5549.311,0.063,-0.54195,9.91695
29.511,5549.327,0.063,-0.54195,9.89805
29.527,5549.342,0.08205,-0.48495,9.91695
29.543,5549.358,0.04395,-0.44595,9.91695
29.56,5549.374,0.08205,-0.48495,9.95595
29.574,5549.39,0.10095,-0.54195,9.99405
29.589,5549.405,0.10095,-0.58095,10.01295
29.606,5549.421,0.006,-0.54195,9.99405
29.623,5549.437,-0.07005,-0.52305,9.99405
29.638,5549.453,-0.08895,-0.52305,9.822
29.653,5549.469,-0.07005,-0.54195,9.726
29.668,5549.484,-0.07005,-0.54195,9.76395
29.685,5549.5,0.006,-0.52305,9.879
29.699,5549.515,0.04395,-0.54195,9.85995
29.716,5549.532,0.063,-0.561,9.74505
29.732,5549.548,0.063,-0.54195,9.80205
29.748,5549.563,0.006,-0.54195,9.95595
29.763,5549.579,0.02505,-0.561,10.10895
29.779,5549.594,-0.03195,-0.561,10.05105
29.799,5549.61,0.006,-0.561,9.84105
29.811,5549.626,-0.01305,-0.561,9.80205
29.827,5549.642,-0.03195,-0.504,9.879
29.843,5549.658,-0.01305,-0.44595,9.975
29.858,5549.673,0.04395,-0.52305,9.99405
29.874,5549.689,0.12,-0.561,9.879
29.889,5549.704,0.04395,-0.561,9.783
29.905,5549.721,0.006,-0.561,9.879
29.921,5549.736,-0.01305,-0.504,9.936
29.937,5549.752,-0.07005,-0.504,9.975
29.953,5549.768,-0.07005,-0.504,9.89805
29.968,5549.783,0.04395,-0.504,9.822
29.984,5549.799,0.08205,-0.48495,9.84105
30,5549.814,0.10095,-0.44595,9.89805
30.015,5549.831,0.08205,-0.46605,9.975
30.032,5549.846,0.08205,-0.504,9.975
30.047,5549.862,0.063,-0.48495,9.879
30.063,5549.878,0.04395,-0.48495,9.74505
30.079,5549.894,0.006,-0.46605,9.74505
30.102,5549.91,-0.03195,-0.44595,9.879
30.109,5549.925,-0.051,-0.44595,10.032
30.125,5549.941,-0.03195,-0.46605,10.01295
30.141,5549.957,0.04395,-0.504,9.95595
30.157,5549.973,0.063,-0.52305,9.936
30.172,5549.988,0.063,-0.48495,9.95595
30.188,5550.004,0.02505,-0.42705,9.975
30.222,5550.02,0.02505,-0.38895,9.975
30.223,5550.035,0.02505,-0.42705,10.01295
30.236,5550.051,0.10095,-0.54195,10.01295
30.251,5550.067,0.10095,-0.52305,10.01295
30.267,5550.083,-0.03195,-0.44595,9.99405
30.283,5550.099,-0.01305,-0.48495,9.95595
30.299,5550.114,0.063,-0.48495,9.879
30.314,5550.13,0.063,-0.46605,9.76395
30.331,5550.146,0.10095,-0.48495,9.74505
30.347,5550.162,0.17805,-0.504,9.783
30.362,5550.177,0.19695,-0.46605,9.95595
30.381,5550.193,-0.03195,-0.408,9.534
30.395,5550.209,-0.12795,-0.159,8.34705
30.413,5550.224,-0.147,-0.44595,10.99005
30.425,5550.24,-0.01305,-0.52305,11.44905
30.44,5550.256,0.006,-0.504,10.89405
30.457,5550.272,-0.07005,-0.37005,10.05105
30.472,5550.288,0.12,-0.17805,9.132
30.488,5550.303,0.02505,-0.58095,9.036
