wifi_rssi_columns,wifi_freq_columns
,wifi_freq_04:09:86:27:19:3a
,wifi_freq_10:be:f5:09:24:89
,wifi_freq_20:6a:94:b3:ec:6e
,wifi_freq_20:6a:94:bc:7e:c6
,wifi_freq_78:44:76:dd:9d:2c
,wifi_freq_b8:55:10:cc:48:30
,wifi_freq_c0:25:2f:ac:70:22
,wifi_freq_c0:25:2f:ac:70:23
,wifi_freq_c2:25:2f:2c:70:22
,wifi_freq_c2:25:2f:7c:70:23
,wifi_freq_cc:d8:43:b7:7d:43
,wifi_freq_ce:d8:43:c7:7d:42
,wifi_freq_d8:07:b6:32:4f:32
,wifi_freq_d8:07:b6:32:4f:33
,wifi_freq_d8:07:b6:32:4f:72
,wifi_freq_d8:07:b6:32:4f:73
,wifi_freq_d8:32:14:8c:c9:51
,wifi_freq_d8:32:14:8c:c9:55
,wifi_freq_dc:62:79:cb:0e:9a
,wifi_freq_dc:62:79:cb:0e:9b
,wifi_freq_de:07:b6:32:4f:72
,wifi_freq_de:07:b6:32:4f:73
,wifi_freq_de:62:79:ab:0e:9b
,wifi_freq_e8:65:d4:51:9c:31
,wifi_freq_fc:12:63:71:c6:cf
