AppTimestamp(s),MAC,Frequency,RSSI
2.7387,20:23:00:00:00:15,2452,-63
2.7387,20:23:00:00:00:82,2462,-63
2.7387,20:23:00:00:00:44,2462,-63
2.7387,20:23:00:00:00:55,2427,-64
2.7387,20:23:00:00:00:01,2437,-66
2.7387,20:23:00:00:00:45,2412,-69
2.7387,20:23:00:00:00:79,5200,-72
2.7387,20:23:00:00:00:09,5200,-72
2.7387,20:23:00:00:00:80,5200,-72
2.7387,20:23:00:00:00:25,2412,-74
2.7387,20:23:00:00:00:24,2462,-76
2.7387,20:23:00:00:00:38,2457,-77
2.7387,20:23:00:00:00:03,5200,-78
2.7387,20:23:00:00:00:46,2462,-80
2.7387,20:23:00:00:00:73,2437,-82
2.7387,20:23:00:00:00:30,2412,-86
2.7387,20:23:00:00:03:25,2437,-90
6.7483,20:23:00:00:00:55,2427,-62
6.7483,20:23:00:00:00:01,2437,-63
6.7483,20:23:00:00:00:45,2412,-65
6.7483,20:23:00:00:00:38,2457,-66
6.7483,20:23:00:00:00:79,5200,-67
6.7483,20:23:00:00:00:82,2462,-67
6.7483,20:23:00:00:00:44,2462,-67
6.7483,20:23:00:00:00:09,5200,-68
6.7483,20:23:00:00:00:80,5200,-68
6.7483,20:23:00:00:00:25,2412,-70
6.7483,20:23:00:00:00:15,2452,-74
6.7483,20:23:00:00:00:03,5200,-78
6.7483,20:23:00:00:00:73,2437,-83
6.7483,20:23:00:00:00:05,5500,-84
6.7483,20:23:00:00:00:02,2437,-86
10.7519,20:23:00:00:00:01,2437,-55
10.7519,20:23:00:00:00:15,2452,-64
10.7519,20:23:00:00:00:44,2462,-64
10.7519,20:23:00:00:00:82,2462,-65
10.7519,20:23:00:00:00:45,2412,-67
10.7519,20:23:00:00:00:38,2457,-67
10.7519,20:23:00:00:00:80,5200,-69
10.7519,20:23:00:00:00:79,5200,-70
10.7519,20:23:00:00:00:55,2427,-73
10.7519,20:23:00:00:00:88,2462,-78
10.7519,20:23:00:00:00:73,2437,-81
14.7342,20:23:00:00:00:01,2437,-56
14.7342,20:23:00:00:00:45,2412,-63
14.7342,20:23:00:00:00:55,2427,-65
14.7342,20:23:00:00:00:38,2457,-65
14.7342,20:23:00:00:00:82,2462,-67
14.7342,20:23:00:00:00:44,2462,-68
14.7342,20:23:00:00:00:15,2452,-69
14.7342,20:23:00:00:00:80,5200,-69
14.7342,20:23:00:00:00:79,5200,-70
14.7342,20:23:00:00:00:88,2462,-79
14.7342,20:23:00:00:00:73,2437,-81
14.7342,20:23:00:00:00:30,2412,-91
14.7342,20:23:00:00:00:89,2452,-93
18.7447,20:23:00:00:00:01,2437,-61
18.7447,20:23:00:00:00:38,2457,-64
18.7447,20:23:00:00:00:44,2462,-65
18.7447,20:23:00:00:00:55,2427,-66
18.7447,20:23:00:00:00:82,2462,-67
18.7447,20:23:00:00:00:45,2412,-69
18.7447,20:23:00:00:00:79,5200,-71
18.7447,20:23:00:00:00:80,5200,-71
18.7447,20:23:00:00:00:15,2452,-73
18.7447,20:23:00:00:00:73,2437,-78
18.7447,20:23:00:00:00:03,5200,-81
18.7447,20:23:00:00:00:30,2412,-86
18.7447,20:23:00:00:00:02,2437,-87
18.7447,20:23:00:00:00:04,5500,-92
22.7584,20:23:00:00:00:01,2437,-58
22.7584,20:23:00:00:00:55,2427,-64
22.7584,20:23:00:00:00:15,2452,-65
22.7584,20:23:00:00:00:44,2462,-65
22.7584,20:23:00:00:00:38,2457,-65
22.7584,20:23:00:00:00:45,2412,-67
22.7584,20:23:00:00:00:82,2462,-67
22.7584,20:23:00:00:00:79,5200,-72
22.7584,20:23:00:00:00:80,5200,-72
22.7584,20:23:00:00:00:09,5200,-72
22.7584,20:23:00:00:00:73,2437,-78
22.7584,20:23:00:00:00:24,2462,-83
22.7584,20:23:00:00:03:25,2437,-87
22.7584,20:23:00:00:00:03,5200,-88
22.7584,20:23:00:00:00:02,2437,-89
26.7368,20:23:00:00:00:01,2437,-55
26.7368,20:23:00:00:00:15,2452,-61
26.7368,20:23:00:00:00:55,2427,-64
26.7368,20:23:00:00:00:82,2462,-65
26.7368,20:23:00:00:00:44,2462,-65
26.7368,20:23:00:00:00:45,2412,-70
26.7368,20:23:00:00:00:09,5200,-70
26.7368,20:23:00:00:00:79,5200,-71
26.7368,20:23:00:00:00:80,5200,-72
26.7368,20:23:00:00:00:38,2457,-72
26.7368,20:23:00:00:00:88,2462,-85
26.7368,20:23:00:00:00:02,2437,-88
30.7279,20:23:00:00:00:01,2437,-59
30.7279,20:23:00:00:00:15,2452,-61
30.7279,20:23:00:00:00:38,2457,-65
30.7279,20:23:00:00:00:82,2462,-66
30.7279,20:23:00:00:00:44,2462,-66
30.7279,20:23:00:00:00:45,2412,-67
30.7279,20:23:00:00:00:55,2427,-71
30.7279,20:23:00:00:00:09,5200,-74
30.7279,20:23:00:00:00:79,5200,-76
30.7279,20:23:00:00:00:80,5200,-76
30.7279,20:23:00:00:00:88,2462,-77
30.7279,20:23:00:00:00:73,2437,-82
34.7388,20:23:00:00:00:01,2437,-56
34.7388,20:23:00:00:00:15,2452,-60
34.7388,20:23:00:00:00:38,2457,-62
34.7388,20:23:00:00:00:44,2462,-63
34.7388,20:23:00:00:00:82,2462,-64
34.7388,20:23:00:00:00:45,2412,-65
34.7388,20:23:00:00:00:55,2427,-65
34.7388,20:23:00:00:00:09,5200,-73
34.7388,20:23:00:00:00:79,5200,-74
34.7388,20:23:00:00:00:80,5200,-74
34.7388,20:23:00:00:00:88,2462,-78
34.7388,20:23:00:00:00:73,2437,-80
34.7388,20:23:00:00:00:03,5200,-85
34.7388,20:23:00:00:00:12,2417,-88
34.7388,20:23:00:00:00:90,2437,-91
38.7474,20:23:00:00:00:15,2452,-60
38.7474,20:23:00:00:00:01,2437,-61
38.7474,20:23:00:00:00:38,2457,-61
38.7474,20:23:00:00:00:45,2412,-62
38.7474,20:23:00:00:00:55,2427,-64
38.7474,20:23:00:00:00:82,2462,-66
38.7474,20:23:00:00:00:44,2462,-66
38.7474,20:23:00:00:00:25,2412,-70
38.7474,20:23:00:00:00:79,5200,-74
38.7474,20:23:00:00:00:80,5200,-74
38.7474,20:23:00:00:00:09,5200,-74
38.7474,20:23:00:00:00:73,2437,-77
38.7474,20:23:00:00:00:88,2462,-79
38.7474,20:23:00:00:00:03,5200,-86
38.7474,20:23:00:00:00:26,2412,-86
38.7474,20:23:00:00:00:27,2412,-87
38.7474,20:23:00:00:00:57,2412,-99
42.7384,20:23:00:00:00:01,2437,-61
42.7384,20:23:00:00:00:38,2457,-61
42.7384,20:23:00:00:00:15,2452,-62
42.7384,20:23:00:00:00:45,2412,-63
42.7384,20:23:00:00:00:82,2462,-66
42.7384,20:23:00:00:00:44,2462,-66
42.7384,20:23:00:00:00:55,2427,-68
42.7384,20:23:00:00:00:09,5200,-71
42.7384,20:23:00:00:00:79,5200,-72
42.7384,20:23:00:00:00:80,5200,-72
42.7384,20:23:00:00:00:73,2437,-81
42.7384,20:23:00:00:00:88,2462,-83
42.7384,20:23:00:00:00:24,2462,-84
42.7384,20:23:00:00:00:02,2437,-88
46.7536,20:23:00:00:00:01,2437,-57
46.7536,20:23:00:00:00:45,2412,-62
46.7536,20:23:00:00:00:15,2452,-64
46.7536,20:23:00:00:00:55,2427,-66
46.7536,20:23:00:00:00:38,2457,-66
46.7536,20:23:00:00:00:44,2462,-68
46.7536,20:23:00:00:00:09,5200,-71
46.7536,20:23:00:00:00:79,5200,-74
46.7536,20:23:00:00:00:80,5200,-74
46.7536,20:23:00:00:00:24,2462,-77
46.7536,20:23:00:00:00:73,2437,-79
46.7536,20:23:00:00:00:04,5500,-86
46.7536,20:23:00:00:00:05,5500,-86
46.7536,20:23:00:00:00:65,2437,-90
46.7536,20:23:00:00:00:07,2462,-91
46.7536,20:23:00:00:00:90,2437,-92
50.7445,20:23:00:00:00:01,2437,-61
50.7445,20:23:00:00:00:15,2452,-61
50.7445,20:23:00:00:00:55,2427,-64
50.7445,20:23:00:00:00:45,2412,-65
50.7445,20:23:00:00:00:38,2457,-65
50.7445,20:23:00:00:00:44,2462,-68
50.7445,20:23:00:00:00:82,2462,-69
50.7445,20:23:00:00:00:09,5200,-71
50.7445,20:23:00:00:00:79,5200,-73
50.7445,20:23:00:00:00:80,5200,-73
50.7445,20:23:00:00:00:24,2462,-77
50.7445,20:23:00:00:00:25,2412,-77
50.7445,20:23:00:00:00:73,2437,-79
50.7445,20:23:00:00:00:88,2462,-79
50.7445,20:23:00:00:00:03,5200,-82
50.7445,20:23:00:00:00:65,2437,-86
50.7445,20:23:00:00:00:26,2412,-87
50.7445,20:23:00:00:03:25,2437,-87
50.7445,20:23:00:00:00:27,2412,-88
50.7445,20:23:00:00:00:04,5500,-90
50.7445,20:23:00:00:00:05,5500,-90
54.7721,20:23:00:00:00:01,2437,-58
54.7721,20:23:00:00:00:15,2452,-63
54.7721,20:23:00:00:00:45,2412,-65
54.7721,20:23:00:00:00:55,2427,-65
54.7721,20:23:00:00:00:38,2457,-65
54.7721,20:23:00:00:00:82,2462,-67
54.7721,20:23:00:00:00:44,2462,-67
54.7721,20:23:00:00:00:09,5200,-70
54.7721,20:23:00:00:00:79,5200,-73
54.7721,20:23:00:00:00:80,5200,-73
54.7721,20:23:00:00:00:73,2437,-75
54.7721,20:23:00:00:00:88,2462,-79
54.7721,20:23:00:00:00:02,2437,-84
58.7348,20:23:00:00:00:01,2437,-59
58.7348,20:23:00:00:00:38,2457,-61
58.7348,20:23:00:00:00:55,2427,-65
58.7348,20:23:00:00:00:44,2462,-65
58.7348,20:23:00:00:00:45,2412,-66
58.7348,20:23:00:00:00:82,2462,-67
58.7348,20:23:00:00:00:09,5200,-68
58.7348,20:23:00:00:00:15,2452,-69
58.7348,20:23:00:00:00:80,5200,-72
58.7348,20:23:00:00:00:79,5200,-73
58.7348,20:23:00:00:00:73,2437,-75
58.7348,20:23:00:00:00:30,2412,-87
58.7348,20:23:00:00:00:90,2437,-91
58.7348,20:23:00:00:00:65,2437,-92
58.7348,20:23:00:00:00:69,2422,-92
62.7497,20:23:00:00:00:01,2437,-61
62.7497,20:23:00:00:00:15,2452,-63
62.7497,20:23:00:00:00:82,2462,-65
62.7497,20:23:00:00:00:38,2457,-65
62.7497,20:23:00:00:00:45,2412,-67
62.7497,20:23:00:00:00:44,2462,-67
62.7497,20:23:00:00:00:55,2427,-69
62.7497,20:23:00:00:00:09,5200,-71
62.7497,20:23:00:00:00:79,5200,-74
62.7497,20:23:00:00:00:80,5200,-74
62.7497,20:23:00:00:00:73,2437,-75
62.7497,20:23:00:00:00:25,2412,-75
62.7497,20:23:00:00:00:03,5200,-79
62.7497,20:23:00:00:00:88,2462,-81
62.7497,20:23:00:00:00:05,5500,-85
62.7497,20:23:00:00:00:46,2462,-87
62.7497,20:23:00:00:00:06,2462,-87
62.7497,20:23:00:00:00:04,5500,-88
62.7497,20:23:00:00:00:65,2437,-89
62.7497,20:23:00:00:00:28,2412,-89
62.7497,20:23:00:00:00:27,2412,-89
62.7497,20:23:00:00:03:25,2437,-91
66.7316,20:23:00:00:00:01,2437,-61
66.7316,20:23:00:00:00:45,2412,-63
66.7316,20:23:00:00:00:82,2462,-65
66.7316,20:23:00:00:00:15,2452,-67
66.7316,20:23:00:00:00:55,2427,-69
66.7316,20:23:00:00:00:44,2462,-69
66.7316,20:23:00:00:00:38,2457,-69
66.7316,20:23:00:00:00:09,5200,-70
66.7316,20:23:00:00:00:73,2437,-74
66.7316,20:23:00:00:00:88,2462,-74
66.7316,20:23:00:00:00:79,5200,-76
66.7316,20:23:00:00:00:80,5200,-76
66.7316,20:23:00:00:00:25,2412,-78
66.7316,20:23:00:00:00:24,2462,-83
66.7316,20:23:00:00:00:90,2437,-85
66.7316,20:23:00:00:00:03,5200,-86
66.7316,20:23:00:00:03:25,2437,-88
66.7316,20:23:00:00:00:65,2437,-91
66.7316,20:23:00:00:00:30,2412,-91
70.7207,20:23:00:00:00:15,2452,-55
70.7207,20:23:00:00:00:45,2412,-58
70.7207,20:23:00:00:00:01,2437,-60
70.7207,20:23:00:00:00:09,5200,-60
70.7207,20:23:00:00:00:55,2427,-61
70.7207,20:23:00:00:00:82,2462,-66
70.7207,20:23:00:00:00:73,2437,-66
70.7207,20:23:00:00:00:79,5200,-67
70.7207,20:23:00:00:00:80,5200,-67
70.7207,20:23:00:00:00:44,2462,-67
70.7207,20:23:00:00:00:88,2462,-73
70.7207,20:23:00:00:00:38,2457,-74
70.7207,20:23:00:00:00:25,2412,-74
70.7207,20:23:00:00:00:46,2462,-81
70.7207,20:23:00:00:03:25,2437,-85
70.7207,20:23:00:00:00:65,2437,-86
70.7207,20:23:00:00:00:27,2412,-88
70.7207,20:23:00:00:00:69,2422,-88
74.7456,20:23:00:00:00:01,2437,-44
74.7456,20:23:00:00:00:15,2452,-55
74.7456,20:23:00:00:00:55,2427,-55
74.7456,20:23:00:00:00:82,2462,-56
74.7456,20:23:00:00:00:44,2462,-57
74.7456,20:23:00:00:00:45,2412,-60
74.7456,20:23:00:00:00:09,5200,-63
74.7456,20:23:00:00:00:79,5200,-67
74.7456,20:23:00:00:00:80,5200,-67
74.7456,20:23:00:00:00:73,2437,-70
74.7456,20:23:00:00:00:88,2462,-77
74.7456,20:23:00:00:00:25,2412,-77
74.7456,20:23:00:00:03:25,2437,-82
74.7456,20:23:00:00:00:89,2452,-84
74.7456,20:23:00:00:00:12,2417,-85
74.7456,20:23:00:00:00:65,2437,-86
74.7456,20:23:00:00:00:03,5200,-87
74.7456,20:23:00:00:00:90,2437,-88
78.7528,20:23:00:00:00:01,2437,-45
78.7528,20:23:00:00:00:82,2462,-56
78.7528,20:23:00:00:00:44,2462,-56
78.7528,20:23:00:00:00:55,2427,-57
78.7528,20:23:00:00:00:15,2452,-58
78.7528,20:23:00:00:00:45,2412,-60
78.7528,20:23:00:00:00:80,5200,-68
78.7528,20:23:00:00:00:79,5200,-69
78.7528,20:23:00:00:00:73,2437,-77
78.7528,20:23:00:00:00:46,2462,-77
78.7528,20:23:00:00:00:88,2462,-80
78.7528,20:23:00:00:00:90,2437,-84
78.7528,20:23:00:00:00:57,2412,-89
78.7528,20:23:00:00:00:26,2412,-89
82.7395,20:23:00:00:00:01,2437,-51
82.7395,20:23:00:00:00:55,2427,-57
82.7395,20:23:00:00:00:15,2452,-60
82.7395,20:23:00:00:00:45,2412,-63
82.7395,20:23:00:00:00:82,2462,-65
82.7395,20:23:00:00:00:79,5200,-68
82.7395,20:23:00:00:00:80,5200,-68
82.7395,20:23:00:00:00:44,2462,-68
82.7395,20:23:00:00:00:73,2437,-73
82.7395,20:23:00:00:00:12,2417,-84
86.7411,20:23:00:00:00:01,2437,-43
86.7411,20:23:00:00:00:09,5200,-56
86.7411,20:23:00:00:00:15,2452,-57
86.7411,20:23:00:00:00:45,2412,-59
86.7411,20:23:00:00:00:44,2462,-60
86.7411,20:23:00:00:00:82,2462,-61
86.7411,20:23:00:00:00:55,2427,-61
86.7411,20:23:00:00:00:80,5200,-66
86.7411,20:23:00:00:00:79,5200,-67
86.7411,20:23:00:00:00:38,2457,-67
86.7411,20:23:00:00:00:73,2437,-71
86.7411,20:23:00:00:00:25,2412,-71
86.7411,20:23:00:00:00:88,2462,-72
86.7411,20:23:00:00:03:25,2437,-79
86.7411,20:23:00:00:00:03,5200,-85
90.7607,20:23:00:00:00:01,2437,-45
90.7607,20:23:00:00:00:55,2427,-55
90.7607,20:23:00:00:00:15,2452,-59
90.7607,20:23:00:00:00:44,2462,-60
90.7607,20:23:00:00:00:45,2412,-61
90.7607,20:23:00:00:00:80,5200,-68
90.7607,20:23:00:00:00:79,5200,-69
90.7607,20:23:00:00:00:73,2437,-71
90.7607,20:23:00:00:00:46,2462,-75
90.7607,20:23:00:00:00:38,2457,-78
90.7607,20:23:00:00:00:88,2462,-80
90.7607,20:23:00:00:03:25,2437,-84
90.7607,20:23:00:00:00:03,5200,-85
90.7607,20:23:00:00:00:07,2462,-89
94.7606,20:23:00:00:00:01,2437,-46
94.7606,20:23:00:00:00:15,2452,-55
94.7606,20:23:00:00:00:09,5200,-55
94.7606,20:23:00:00:00:55,2427,-56
94.7606,20:23:00:00:00:82,2462,-59
94.7606,20:23:00:00:00:44,2462,-59
94.7606,20:23:00:00:00:45,2412,-62
94.7606,20:23:00:00:00:79,5200,-63
94.7606,20:23:00:00:00:80,5200,-63
94.7606,20:23:00:00:00:88,2462,-70
94.7606,20:23:00:00:00:73,2437,-71
94.7606,20:23:00:00:03:25,2437,-76
94.7606,20:23:00:00:00:38,2457,-80
94.7606,20:23:00:00:00:12,2417,-80
94.7606,20:23:00:00:00:25,2412,-82
94.7606,20:23:00:00:00:90,2437,-85
94.7606,20:23:00:00:00:03,5200,-87
94.7606,20:23:00:00:00:65,2437,-88
94.7606,20:23:00:00:00:06,2462,-91
98.7276,20:23:00:00:00:01,2437,-44
98.7276,20:23:00:00:00:15,2452,-51
98.7276,20:23:00:00:00:44,2462,-56
98.7276,20:23:00:00:00:79,5200,-57
98.7276,20:23:00:00:00:80,5200,-57
98.7276,20:23:00:00:00:82,2462,-57
98.7276,20:23:00:00:00:09,5200,-58
98.7276,20:23:00:00:00:45,2412,-59
98.7276,20:23:00:00:00:55,2427,-60
98.7276,20:23:00:00:00:88,2462,-67
98.7276,20:23:00:00:00:73,2437,-68
98.7276,20:23:00:00:03:25,2437,-75
98.7276,20:23:00:00:00:38,2457,-78
98.7276,20:23:00:00:00:90,2437,-78
98.7276,20:23:00:00:00:12,2417,-83
98.7276,20:23:00:00:00:03,5200,-87
102.7307,20:23:00:00:00:01,2437,-44
102.7307,20:23:00:00:00:15,2452,-51
102.7307,20:23:00:00:00:44,2462,-52
102.7307,20:23:00:00:00:82,2462,-53
102.7307,20:23:00:00:00:55,2427,-56
102.7307,20:23:00:00:00:09,5200,-58
102.7307,20:23:00:00:00:79,5200,-60
102.7307,20:23:00:00:00:80,5200,-60
102.7307,20:23:00:00:00:45,2412,-64
102.7307,20:23:00:00:00:73,2437,-66
102.7307,20:23:00:00:00:88,2462,-66
102.7307,20:23:00:00:03:25,2437,-73
102.7307,20:23:00:00:00:90,2437,-79
102.7307,20:23:00:00:00:65,2437,-80
102.7307,20:23:00:00:00:46,2462,-80
102.7307,20:23:00:00:00:38,2457,-81
102.7307,20:23:00:00:00:03,5200,-91
102.7307,20:23:00:00:00:06,2462,-93
106.7382,20:23:00:00:00:44,2462,-47
106.7382,20:23:00:00:00:01,2437,-50
106.7382,20:23:00:00:00:82,2462,-50
106.7382,20:23:00:00:00:45,2412,-52
106.7382,20:23:00:00:00:55,2427,-52
106.7382,20:23:00:00:00:15,2452,-53
106.7382,20:23:00:00:00:73,2437,-58
106.7382,20:23:00:00:00:79,5200,-61
106.7382,20:23:00:00:00:80,5200,-61
106.7382,20:23:00:00:00:88,2462,-63
106.7382,20:23:00:00:00:09,5200,-66
106.7382,20:23:00:00:03:25,2437,-74
106.7382,20:23:00:00:00:90,2437,-75
106.7382,20:23:00:00:00:65,2437,-76
106.7382,20:23:00:00:00:38,2457,-86
110.7311,20:23:00:00:00:55,2427,-40
110.7311,20:23:00:00:00:44,2462,-41
110.7311,20:23:00:00:00:82,2462,-43
110.7311,20:23:00:00:00:15,2452,-44
110.7311,20:23:00:00:00:01,2437,-48
110.7311,20:23:00:00:00:79,5200,-49
110.7311,20:23:00:00:00:45,2412,-49
110.7311,20:23:00:00:00:80,5200,-50
110.7311,20:23:00:00:00:73,2437,-58
110.7311,20:23:00:00:00:88,2462,-58
110.7311,20:23:00:00:00:09,5200,-69
110.7311,20:23:00:00:03:25,2437,-72
110.7311,20:23:00:00:00:90,2437,-73
110.7311,20:23:00:00:00:12,2417,-74
110.7311,20:23:00:00:00:65,2437,-76
110.7311,20:23:00:00:00:38,2457,-85
110.7311,20:23:00:00:01:15,5500,-86
110.7311,20:23:00:00:01:27,5500,-87
110.7311,20:23:00:00:00:24,2462,-87
114.7501,20:23:00:00:00:55,2427,-48
114.7501,20:23:00:00:00:15,2452,-52
114.7501,20:23:00:00:00:45,2412,-57
114.7501,20:23:00:00:00:44,2462,-57
114.7501,20:23:00:00:00:82,2462,-58
114.7501,20:23:00:00:00:88,2462,-58
114.7501,20:23:00:00:03:25,2437,-58
114.7501,20:23:00:00:00:79,5200,-61
114.7501,20:23:00:00:00:80,5200,-61
114.7501,20:23:00:00:00:01,2437,-62
114.7501,20:23:00:00:00:73,2437,-62
114.7501,20:23:00:00:00:09,5200,-76
114.7501,20:23:00:00:00:69,2422,-81
114.7501,20:23:00:00:00:90,2437,-82
114.7501,20:23:00:00:01:15,5500,-84
114.7501,20:23:00:00:01:27,5500,-84
114.7501,20:23:00:00:01:19,5500,-85
114.7501,20:23:00:00:01:21,5500,-85
114.7501,20:23:00:00:01:20,5500,-85
114.7501,20:23:00:00:01:16,5500,-85
114.7501,20:23:00:00:01:81,2462,-86
114.7501,20:23:00:00:01:71,2462,-87
114.7501,20:23:00:00:00:25,2412,-88
114.7501,20:23:00:00:01:58,2462,-89
118.7564,20:23:00:00:00:15,2452,-54
118.7564,20:23:00:00:00:55,2427,-54
118.7564,20:23:00:00:00:88,2462,-55
118.7564,20:23:00:00:00:82,2462,-56
118.7564,20:23:00:00:00:44,2462,-56
118.7564,20:23:00:00:03:25,2437,-60
118.7564,20:23:00:00:00:45,2412,-62
118.7564,20:23:00:00:00:79,5200,-65
118.7564,20:23:00:00:00:80,5200,-65
118.7564,20:23:00:00:00:65,2437,-67
118.7564,20:23:00:00:00:73,2437,-69
118.7564,20:23:00:00:00:69,2422,-79
118.7564,20:23:00:00:00:09,5200,-80
118.7564,20:23:00:00:00:90,2437,-80
118.7564,20:23:00:00:01:15,5500,-84
118.7564,20:23:00:00:01:27,5500,-84
118.7564,20:23:00:00:00:12,2417,-85
118.7564,20:23:00:00:01:19,5500,-85
118.7564,20:23:00:00:01:21,5500,-85
118.7564,20:23:00:00:01:20,5500,-87
118.7564,20:23:00:00:01:16,5500,-87
122.7528,20:23:00:00:00:15,2452,-49
122.7528,20:23:00:00:00:88,2462,-51
122.7528,20:23:00:00:00:82,2462,-54
122.7528,20:23:00:00:00:55,2427,-55
122.7528,20:23:00:00:00:44,2462,-55
122.7528,20:23:00:00:03:25,2437,-55
122.7528,20:23:00:00:00:45,2412,-58
122.7528,20:23:00:00:00:01,2437,-63
122.7528,20:23:00:00:00:79,5200,-64
122.7528,20:23:00:00:00:80,5200,-64
122.7528,20:23:00:00:00:65,2437,-66
122.7528,20:23:00:00:00:73,2437,-67
122.7528,20:23:00:00:00:69,2422,-74
122.7528,20:23:00:00:00:09,5200,-78
122.7528,20:23:00:00:00:12,2417,-81
122.7528,20:23:00:00:00:25,2412,-83
122.7528,20:23:00:00:01:27,5500,-84
122.7528,20:23:00:00:01:20,5500,-85
122.7528,20:23:00:00:01:16,5500,-85
122.7528,20:23:00:00:01:15,5500,-86
122.7528,20:23:00:00:01:19,5500,-86
122.7528,20:23:00:00:01:21,5500,-86
122.7528,20:23:00:00:00:46,2462,-92
126.7392,20:23:00:00:00:15,2452,-46
126.7392,20:23:00:00:00:82,2462,-54
126.7392,20:23:00:00:00:55,2427,-54
126.7392,20:23:00:00:00:44,2462,-54
126.7392,20:23:00:00:00:88,2462,-55
126.7392,20:23:00:00:03:25,2437,-57
126.7392,20:23:00:00:00:01,2437,-62
126.7392,20:23:00:00:00:79,5200,-62
126.7392,20:23:00:00:00:80,5200,-62
126.7392,20:23:00:00:00:45,2412,-62
126.7392,20:23:00:00:00:65,2437,-65
126.7392,20:23:00:00:00:73,2437,-67
126.7392,20:23:00:00:00:09,5200,-77
126.7392,20:23:00:00:00:69,2422,-78
126.7392,20:23:00:00:00:12,2417,-82
126.7392,20:23:00:00:00:90,2437,-83
126.7392,20:23:00:00:00:25,2412,-84
126.7392,20:23:00:00:01:27,5500,-86
126.7392,20:23:00:00:01:20,5500,-87
126.7392,20:23:00:00:01:16,5500,-91
126.7392,20:23:00:00:01:38,2437,-91
130.7667,20:23:00:00:00:15,2452,-50
130.7667,20:23:00:00:00:44,2462,-50
130.7667,20:23:00:00:00:82,2462,-53
130.7667,20:23:00:00:00:55,2427,-54
130.7667,20:23:00:00:00:88,2462,-55
130.7667,20:23:00:00:03:25,2437,-58
130.7667,20:23:00:00:00:80,5200,-59
130.7667,20:23:00:00:00:79,5200,-60
130.7667,20:23:00:00:00:45,2412,-61
130.7667,20:23:00:00:00:01,2437,-62
130.7667,20:23:00:00:00:73,2437,-67
130.7667,20:23:00:00:00:65,2437,-69
130.7667,20:23:00:00:00:09,5200,-77
130.7667,20:23:00:00:00:69,2422,-77
130.7667,20:23:00:00:00:12,2417,-81
130.7667,20:23:00:00:00:25,2412,-84
130.7667,20:23:00:00:00:90,2437,-85
130.7667,20:23:00:00:00:24,2462,-85
134.7603,20:23:00:00:00:15,2452,-47
134.7603,20:23:00:00:00:55,2427,-53
134.7603,20:23:00:00:00:44,2462,-54
134.7603,20:23:00:00:00:82,2462,-55
134.7603,20:23:00:00:00:88,2462,-55
134.7603,20:23:00:00:00:79,5200,-59
134.7603,20:23:00:00:00:80,5200,-59
134.7603,20:23:00:00:03:25,2437,-59
134.7603,20:23:00:00:00:45,2412,-61
134.7603,20:23:00:00:00:73,2437,-67
134.7603,20:23:00:00:00:65,2437,-67
134.7603,20:23:00:00:00:09,5200,-75
134.7603,20:23:00:00:00:69,2422,-79
134.7603,20:23:00:00:00:12,2417,-82
134.7603,20:23:00:00:01:41,2437,-88
134.7603,20:23:00:00:01:38,2437,-89
134.7603,20:23:00:00:00:03,5200,-92
138.7298,20:23:00:00:00:15,2452,-51
138.7298,20:23:00:00:00:55,2427,-53
138.7298,20:23:00:00:00:44,2462,-55
138.7298,20:23:00:00:00:88,2462,-55
138.7298,20:23:00:00:00:82,2462,-56
138.7298,20:23:00:00:03:25,2437,-57
138.7298,20:23:00:00:00:45,2412,-61
138.7298,20:23:00:00:00:79,5200,-62
138.7298,20:23:00:00:00:80,5200,-62
138.7298,20:23:00:00:00:65,2437,-66
138.7298,20:23:00:00:00:73,2437,-67
138.7298,20:23:00:00:00:01,2437,-71
138.7298,20:23:00:00:00:69,2422,-77
138.7298,20:23:00:00:01:21,5500,-84
138.7298,20:23:00:00:01:16,5500,-84
138.7298,20:23:00:00:00:12,2417,-85
138.7298,20:23:00:00:01:15,5500,-85
138.7298,20:23:00:00:01:20,5500,-85
138.7298,20:23:00:00:01:19,5500,-86
138.7298,20:23:00:00:01:27,5500,-89
138.7298,20:23:00:00:00:38,2457,-89
142.7355,20:23:00:00:00:15,2452,-51
142.7355,20:23:00:00:00:88,2462,-52
142.7355,20:23:00:00:00:55,2427,-53
142.7355,20:23:00:00:00:44,2462,-55
142.7355,20:23:00:00:00:82,2462,-56
142.7355,20:23:00:00:03:25,2437,-57
142.7355,20:23:00:00:00:45,2412,-61
142.7355,20:23:00:00:00:79,5200,-66
142.7355,20:23:00:00:00:80,5200,-66
142.7355,20:23:00:00:00:73,2437,-66
142.7355,20:23:00:00:00:65,2437,-66
142.7355,20:23:00:00:00:01,2437,-67
142.7355,20:23:00:00:00:69,2422,-74
142.7355,20:23:00:00:00:12,2417,-84
142.7355,20:23:00:00:00:38,2457,-89
142.7355,20:23:00:00:01:71,2462,-89
142.7355,20:23:00:00:01:81,2462,-91
146.7527,20:23:00:00:00:88,2462,-51
146.7527,20:23:00:00:00:55,2427,-53
146.7527,20:23:00:00:00:15,2452,-55
146.7527,20:23:00:00:00:44,2462,-55
146.7527,20:23:00:00:00:82,2462,-56
146.7527,20:23:00:00:03:25,2437,-57
146.7527,20:23:00:00:00:01,2437,-59
146.7527,20:23:00:00:00:45,2412,-61
146.7527,20:23:00:00:00:79,5200,-64
146.7527,20:23:00:00:00:80,5200,-65
146.7527,20:23:00:00:00:65,2437,-66
146.7527,20:23:00:00:00:73,2437,-67
146.7527,20:23:00:00:00:69,2422,-73
146.7527,20:23:00:00:00:12,2417,-88
146.7527,20:23:00:00:00:90,2437,-88
146.7527,20:23:00:00:00:38,2457,-89
146.7527,20:23:00:00:01:10,2412,-90
150.7333,20:23:00:00:00:15,2452,-48
150.7333,20:23:00:00:00:55,2427,-53
150.7333,20:23:00:00:00:88,2462,-53
150.7333,20:23:00:00:00:82,2462,-54
150.7333,20:23:00:00:00:45,2412,-56
150.7333,20:23:00:00:00:44,2462,-56
150.7333,20:23:00:00:00:79,5200,-57
150.7333,20:23:00:00:00:80,5200,-57
150.7333,20:23:00:00:00:01,2437,-60
150.7333,20:23:00:00:03:25,2437,-65
150.7333,20:23:00:00:00:73,2437,-70
150.7333,20:23:00:00:00:65,2437,-70
150.7333,20:23:00:00:00:69,2422,-81
150.7333,20:23:00:00:00:12,2417,-85
150.7333,20:23:00:00:00:90,2437,-85
150.7333,20:23:00:00:01:19,5500,-85
150.7333,20:23:00:00:01:21,5500,-85
150.7333,20:23:00:00:01:20,5500,-86
150.7333,20:23:00:00:01:27,5500,-86
150.7333,20:23:00:00:01:15,5500,-87
150.7333,20:23:00:00:00:46,2462,-87
150.7333,20:23:00:00:00:03,5200,-89
150.7333,20:23:00:00:01:10,2412,-90
154.7442,20:23:00:00:00:55,2427,-42
154.7442,20:23:00:00:00:79,5200,-45
154.7442,20:23:00:00:00:80,5200,-45
154.7442,20:23:00:00:00:45,2412,-48
154.7442,20:23:00:00:00:44,2462,-48
154.7442,20:23:00:00:00:82,2462,-49
154.7442,20:23:00:00:00:15,2452,-52
154.7442,20:23:00:00:00:01,2437,-61
154.7442,20:23:00:00:03:25,2437,-65
154.7442,20:23:00:00:00:73,2437,-67
154.7442,20:23:00:00:00:88,2462,-67
154.7442,20:23:00:00:00:65,2437,-72
154.7442,20:23:00:00:00:69,2422,-78
154.7442,20:23:00:00:00:12,2417,-81
154.7442,20:23:00:00:00:90,2437,-81
154.7442,20:23:00:00:01:01,2462,-90
158.7332,20:23:00:00:00:55,2427,-41
158.7332,20:23:00:00:00:45,2412,-45
158.7332,20:23:00:00:00:15,2452,-50
158.7332,20:23:00:00:00:79,5200,-50
158.7332,20:23:00:00:00:80,5200,-51
158.7332,20:23:00:00:00:01,2437,-54
158.7332,20:23:00:00:00:82,2462,-54
158.7332,20:23:00:00:00:44,2462,-54
158.7332,20:23:00:00:00:73,2437,-63
158.7332,20:23:00:00:00:09,5200,-63
158.7332,20:23:00:00:00:12,2417,-72
158.7332,20:23:00:00:03:25,2437,-73
158.7332,20:23:00:00:00:88,2462,-76
158.7332,20:23:00:00:00:65,2437,-76
158.7332,20:23:00:00:00:90,2437,-79
158.7332,20:23:00:00:00:69,2422,-82
158.7332,20:23:00:00:00:03,5200,-88
162.7182,20:23:00:00:00:01,2437,-48
162.7182,20:23:00:00:00:15,2452,-49
162.7182,20:23:00:00:00:82,2462,-51
162.7182,20:23:00:00:00:45,2412,-52
162.7182,20:23:00:00:00:55,2427,-52
162.7182,20:23:00:00:00:44,2462,-52
162.7182,20:23:00:00:00:79,5200,-54
162.7182,20:23:00:00:00:80,5200,-55
162.7182,20:23:00:00:00:73,2437,-57
162.7182,20:23:00:00:00:09,5200,-58
162.7182,20:23:00:00:00:88,2462,-73
162.7182,20:23:00:00:03:25,2437,-73
162.7182,20:23:00:00:00:90,2437,-77
162.7182,20:23:00:00:00:65,2437,-78
162.7182,20:23:00:00:00:25,2412,-78
162.7182,20:23:00:00:00:89,2452,-82
166.7698,20:23:00:00:00:01,2437,-48
166.7698,20:23:00:00:00:15,2452,-52
166.7698,20:23:00:00:00:09,5200,-57
166.7698,20:23:00:00:00:82,2462,-58
166.7698,20:23:00:00:00:55,2427,-59
166.7698,20:23:00:00:00:44,2462,-59
166.7698,20:23:00:00:00:45,2412,-60
166.7698,20:23:00:00:00:79,5200,-63
166.7698,20:23:00:00:00:80,5200,-63
166.7698,20:23:00:00:00:73,2437,-68
166.7698,20:23:00:00:00:88,2462,-75
166.7698,20:23:00:00:03:25,2437,-81
166.7698,20:23:00:00:00:65,2437,-82
166.7698,20:23:00:00:00:90,2437,-84
166.7698,20:23:00:00:00:02,2437,-84
166.7698,20:23:00:00:00:03,5200,-87
166.7698,20:23:00:00:03:11,2462,-91
170.7504,20:23:00:00:00:01,2437,-46
170.7504,20:23:00:00:00:55,2427,-54
170.7504,20:23:00:00:00:09,5200,-55
170.7504,20:23:00:00:00:15,2452,-59
170.7504,20:23:00:00:00:82,2462,-62
170.7504,20:23:00:00:00:44,2462,-62
170.7504,20:23:00:00:00:45,2412,-64
170.7504,20:23:00:00:00:73,2437,-66
170.7504,20:23:00:00:00:80,5200,-68
170.7504,20:23:00:00:00:79,5200,-69
170.7504,20:23:00:00:00:25,2412,-71
170.7504,20:23:00:00:00:38,2457,-73
170.7504,20:23:00:00:00:88,2462,-75
170.7504,20:23:00:00:03:25,2437,-83
170.7504,20:23:00:00:00:90,2437,-84
170.7504,20:23:00:00:00:28,2412,-84
170.7504,20:23:00:00:00:65,2437,-87
170.7504,20:23:00:00:00:02,2437,-89
174.7534,20:23:00:00:00:01,2437,-42
174.7534,20:23:00:00:00:09,5200,-55
174.7534,20:23:00:00:00:55,2427,-58
174.7534,20:23:00:00:00:15,2452,-61
174.7534,20:23:00:00:00:79,5200,-64
174.7534,20:23:00:00:00:80,5200,-64
174.7534,20:23:00:00:00:45,2412,-66
174.7534,20:23:00:00:00:82,2462,-69
174.7534,20:23:00:00:00:44,2462,-70
174.7534,20:23:00:00:00:73,2437,-71
174.7534,20:23:00:00:00:46,2462,-76
174.7534,20:23:00:00:00:88,2462,-78
174.7534,20:23:00:00:00:25,2412,-79
174.7534,20:23:00:00:00:24,2462,-80
174.7534,20:23:00:00:00:90,2437,-83
174.7534,20:23:00:00:00:02,2437,-87
174.7534,20:23:00:00:00:07,2462,-88
174.7534,20:23:00:00:00:03,5200,-89
174.7534,20:23:00:00:00:19,5260,-93
178.7392,20:23:00:00:00:01,2437,-44
178.7392,20:23:00:00:00:15,2452,-52
178.7392,20:23:00:00:00:55,2427,-55
178.7392,20:23:00:00:00:44,2462,-57
178.7392,20:23:00:00:00:79,5200,-61
178.7392,20:23:00:00:00:80,5200,-61
178.7392,20:23:00:00:00:82,2462,-61
178.7392,20:23:00:00:00:45,2412,-65
178.7392,20:23:00:00:00:73,2437,-66
178.7392,20:23:00:00:00:88,2462,-73
178.7392,20:23:00:00:00:12,2417,-76
178.7392,20:23:00:00:00:90,2437,-80
178.7392,20:23:00:00:03:25,2437,-81
178.7392,20:23:00:00:00:65,2437,-81
182.7315,20:23:00:00:00:01,2437,-47
182.7315,20:23:00:00:00:15,2452,-55
182.7315,20:23:00:00:00:82,2462,-57
182.7315,20:23:00:00:00:44,2462,-57
182.7315,20:23:00:00:00:55,2427,-58
182.7315,20:23:00:00:00:45,2412,-61
182.7315,20:23:00:00:00:73,2437,-63
182.7315,20:23:00:00:00:79,5200,-65
182.7315,20:23:00:00:00:80,5200,-65
182.7315,20:23:00:00:00:09,5200,-67
182.7315,20:23:00:00:00:25,2412,-75
182.7315,20:23:00:00:00:88,2462,-77
182.7315,20:23:00:00:00:38,2457,-80
182.7315,20:23:00:00:03:25,2437,-81
182.7315,20:23:00:00:00:24,2462,-81
186.7343,20:23:00:00:00:01,2437,-53
186.7343,20:23:00:00:00:15,2452,-53
186.7343,20:23:00:00:00:45,2412,-53
186.7343,20:23:00:00:00:82,2462,-56
186.7343,20:23:00:00:00:44,2462,-56
186.7343,20:23:00:00:00:55,2427,-57
186.7343,20:23:00:00:00:09,5200,-62
186.7343,20:23:00:00:00:79,5200,-64
186.7343,20:23:00:00:00:80,5200,-64
186.7343,20:23:00:00:00:73,2437,-73
186.7343,20:23:00:00:00:88,2462,-81
186.7343,20:23:00:00:00:90,2437,-84
186.7343,20:23:00:00:00:04,5500,-85
186.7343,20:23:00:00:03:25,2437,-86
190.7509,20:23:00:00:00:01,2437,-45
190.7509,20:23:00:00:00:15,2452,-57
190.7509,20:23:00:00:00:55,2427,-57
190.7509,20:23:00:00:00:45,2412,-61
190.7509,20:23:00:00:00:82,2462,-61
190.7509,20:23:00:00:00:09,5200,-61
190.7509,20:23:00:00:00:44,2462,-62
190.7509,20:23:00:00:00:80,5200,-70
190.7509,20:23:00:00:00:79,5200,-71
190.7509,20:23:00:00:00:73,2437,-73
190.7509,20:23:00:00:00:25,2412,-78
190.7509,20:23:00:00:00:38,2457,-78
190.7509,20:23:00:00:00:46,2462,-78
190.7509,20:23:00:00:00:12,2417,-79
190.7509,20:23:00:00:00:88,2462,-81
190.7509,20:23:00:00:00:24,2462,-81
190.7509,20:23:00:00:03:25,2437,-85
190.7509,20:23:00:00:00:69,2422,-87
190.7509,20:23:00:00:00:90,2437,-92
194.7498,20:23:00:00:00:01,2437,-53
194.7498,20:23:00:00:00:09,5200,-59
194.7498,20:23:00:00:00:15,2452,-61
194.7498,20:23:00:00:00:55,2427,-61
194.7498,20:23:00:00:00:45,2412,-64
194.7498,20:23:00:00:00:44,2462,-66
194.7498,20:23:00:00:00:82,2462,-67
194.7498,20:23:00:00:00:79,5200,-69
194.7498,20:23:00:00:00:80,5200,-69
194.7498,20:23:00:00:00:73,2437,-71
194.7498,20:23:00:00:00:12,2417,-71
194.7498,20:23:00:00:00:38,2457,-74
194.7498,20:23:00:00:00:25,2412,-76
194.7498,20:23:00:00:00:02,2437,-84
194.7498,20:23:00:00:00:88,2462,-85
194.7498,20:23:00:00:00:07,2462,-86
194.7498,20:23:00:00:00:51,2462,-89
194.7498,20:23:00:00:00:65,2437,-89
198.7501,20:23:00:00:00:01,2437,-55
198.7501,20:23:00:00:00:15,2452,-67
198.7501,20:23:00:00:00:45,2412,-67
198.7501,20:23:00:00:00:55,2427,-68
198.7501,20:23:00:00:00:38,2457,-68
198.7501,20:23:00:00:00:79,5200,-69
198.7501,20:23:00:00:00:80,5200,-69
198.7501,20:23:00:00:00:44,2462,-72
198.7501,20:23:00:00:00:73,2437,-79
198.7501,20:23:00:00:00:04,5500,-85
198.7501,20:23:00:00:00:46,2462,-86
198.7501,20:23:00:00:00:03,5200,-87
198.7501,20:23:00:00:00:24,2462,-88
198.7501,20:23:00:00:00:88,2462,-89
